invigilator_id,full_name,experience_years,previous_assignments_count
1,Ranveer Prabhu,7,
2,Ridhi Pathak,0,
3,Bhanumati Nigam,20,
4,Kavya Jha,1,
5,Frado Nanda,18,
6,Raghav Mand,9,
7,Amol Narula,3,
8,Yamini Iyengar,16,
9,Chasmum Sharaf,15,
10,Max Virk,4,
11,Harsh Pingle,9,
12,Bakhshi Randhawa,21,
13,Vivaan Misra,10,
14,Warjas Sarin,0,
15,William Kalla,12,
16,Neelima Andra,19,
17,Lavanya Mukherjee,1,
18,Balhaar Ben,0,
19,Baghyawati Vala,13,
20,Rachit Luthra,20,
21,Arya Modi,11,
22,Kiaan Karpe,10,
23,Kala Krishnamurthy,0,
24,Odika Sarkar,13,
25,Tripti Savant,7,
26,Kabir Nath,17,
27,Irya Narain,4,
28,Tripti Gole,2,
29,Jalsa Viswanathan,21,
30,Aarnav Divan,5,
31,Samarth Devi,23,
32,Avni Dua,20,
33,Ronith Deep,4,
34,Dhriti Sundaram,20,
35,Anthony Mann,24,
36,Ayushman Mishra,1,
37,Ekansh Tella,2,
38,Lipika Loke,3,
39,Unnati Bhandari,22,
40,Utkarsh Dyal,0,
41,Ojas Pandey,15,
42,Hemangini Narayan,18,
43,Balvan Bose,22,
44,Baljiwan Parmer,7,
45,Girindra Purohit,1,
46,Netra Bali,2,
47,Reyansh Kapadia,13,
48,Azad Som,6,
49,Daksh Taneja,12,
50,Madhavi Mane,6,
51,Varsha Verma,15,
52,Zaid Jayaraman,2,
53,Kritika Manda,4,
54,Laksh Sinha,22,
55,Warinder Johal,2,
56,Nandini Din,23,
57,Tanvi Gala,14,
58,Dayita Yadav,19,
59,Sara Dani,10,
60,Pranit Bora,22,
61,Bhavya Narasimhan,17,
62,Kamala Bhavsar,4,
63,Nachiket Sibal,21,
64,Ria Devi,12,
65,Krisha Gandhi,0,
66,Yutika Raval,13,
67,Gaurav Grewal,8,
68,Inaya Deol,8,
69,George Bhat,3,
70,Vinaya Bhatt,20,
71,Saksham Varma,24,
72,Om Prasad,1,
73,Nisha Atwal,15,
74,Dayita Arya,4,
75,Pranav Bains,19,
76,Jeet Char,17,
77,Saanvi Gera,1,
78,Nandini Ramanathan,13,
79,Ria Acharya,14,
80,Yashica Dubey,24,
81,Nilima Wagle,9,
82,Manthan Lad,15,
83,Simon Narang,7,
84,Zashil Mane,23,
85,Karan Dubey,23,
86,Ishaan Kala,20,
87,Hardik Dalal,13,
88,Andrew Gala,19,
89,Nandini Cheema,9,
90,Vritti Mangat,12,
91,Jonathan Nagar,18,
92,Hamsini Ganesan,1,
93,Aashi Yohannan,4,
94,Logan Parmer,13,
95,Bhanumati Varty,23,
96,Ojasvi Patla,20,
97,Dipta Chacko,22,
98,Indira Panchal,20,
99,Maya Shetty,24,
100,Madhavi Char,23,
101,Abeer Lad,7,
102,Sathvik Tiwari,0,
103,Lila Kunda,4,
104,Mugdha Sibal,24,
105,Vrishti Nagarajan,10,
106,Aadhya Palla,7,
107,Hardik Desai,16,
108,Yagnesh Doshi,24,
109,Ekavir Sarma,9,
110,Urishilla Karnik,13,
111,Ranveer Kale,0,
112,Gaurika Prabhu,4,
113,Nathaniel Nagarajan,14,
114,Yashodhara Krishnamurthy,9,
115,Sara Dayal,14,
116,Saanvi Patla,0,
117,Mahika Sarkar,23,
118,Vyanjana Shetty,10,
119,Champak Mallick,17,
120,Aahana Shah,5,
121,Xavier Hora,1,
122,Ekansh Chhabra,1,
123,Tanvi Memon,16,
124,Samaksh Banerjee,21,
125,Anita Krishna,4,
126,Yug Toor,19,
127,Watika Sankar,13,
128,Nitesh Srivastava,11,
129,Anya Kari,3,
130,Keya Guha,8,
131,Pranit Dhar,17,
132,Peter Nagi,9,
133,Hamsini Handa,6,
134,Mohammed Parmer,4,
135,Karan Menon,14,
136,Tejas Dutt,12,
137,Akshay Panchal,13,
138,Nihal Johal,24,
139,Qadim Wadhwa,3,
140,Chaman Kade,5,
141,Pranav Koshy,14,
142,Aarav Pradhan,12,
143,Dayamai Mahajan,12,
144,Maya Pandit,17,
145,Krishna Subramaniam,16,
146,Vedika Lanka,0,
147,Baljiwan Babu,3,
148,Patrick Mander,10,
149,Varsha Sahni,24,
150,Anamika Minhas,18,
151,Gauri Sengupta,12,
152,Victor Dubey,15,
153,Yatin Khalsa,18,
154,Darika Tata,14,
155,Xiti Ram,11,
156,Ekaja Dutt,22,
157,Anmol Dara,7,
158,Bahadurjit Narayanan,21,
159,Lavanya Savant,0,
160,Bahadurjit Nath,21,
161,Faris Sanghvi,7,
162,Fariq Sule,4,
163,Gauri Parikh,23,
164,Reva Johal,0,
165,Radhika Patil,11,
166,Avni Borra,3,
167,Sachi Gour,14,
168,Lakshmi Chahal,8,
169,Avi Gera,9,
170,George Andra,20,
171,Oni Solanki,12,
172,Ekaja Bhandari,9,
173,Ekalinga Keer,9,
174,Peter Dar,13,
175,Falan Saxena,18,
176,Vedant Kakar,18,
177,Dhruv Dubey,24,
178,Neha Bhatt,0,
179,Keya Gandhi,21,
180,Ucchal Trivedi,21,
181,Jatin Mallick,23,
182,Krish Dash,7,
183,Zashil Prabhu,16,
184,Imaran Wali,22,
185,Divya Patla,9,
186,Kashish Madan,0,
187,Riya Din,7,
188,Dipta Dewan,4,
189,Harrison Sarin,1,
190,Dakshesh Din,18,
191,Ikshita Dara,24,
192,Megha D’Alia,1,
193,Michael Dada,19,
194,Pranav Aggarwal,22,
195,Aarav Sehgal,23,
196,Samaksh Natt,10,
197,Neha Kakar,2,
198,Tara Dash,8,
199,Vidhi Tak,7,
200,Rudra Dass,5,
201,Ira Gala,13,
202,Onkar Koshy,7,
203,Veda Raja,14,
204,Zaid Gera,23,
205,Saanvi Lala,2,
206,Laksh Sankar,22,
207,Anmol Solanki,7,
208,William Radhakrishnan,21,
209,Januja Korpal,15,
210,Girish Chacko,5,
211,Charan Shere,6,
212,Alka Koshy,12,
213,Rehaan Joshi,19,
214,Vyanjana Dey,8,
215,Aarna Das,18,
216,Amara Pingle,6,
217,Priya Murthy,15,
218,Waida Pandit,24,
219,Rachita Bakshi,23,
220,Isaiah Bala,6,
221,Jacob Char,14,
222,Udarsh Prashad,4,
223,Vrinda Bala,1,
224,Rachita Hans,1,
225,Warinder Contractor,19,
226,Balveer Gandhi,4,
227,Raagini Jhaveri,11,
228,Gayathri Bava,3,
229,Priya Lalla,17,
230,Ekalinga Seshadri,19,
231,Aarnav Barman,10,
232,Gaurika Wagle,20,
233,Baljiwan Krish,19,
234,Bachittar Bhat,5,
235,Wishi Badal,12,
236,Bhavna Gola,22,
237,Raagini Dey,4,
238,Nisha Narayan,24,
239,Ati Pau,3,
240,Eta Dhar,9,
241,Girish Kala,1,
242,Kala Patel,7,
243,Krishna Khanna,19,
244,Mason Buch,19,
245,Parth Bhardwaj,2,
246,Hemangini Merchant,8,
247,Oscar Ramesh,19,
248,Hemang Sood,1,
249,Aarnav Kanda,16,
250,Zinal Kale,0,
251,Vrishti Nigam,23,
252,Warinder Wali,16,
253,Pahal Goswami,4,
254,Victor Naik,12,
255,Adweta Srinivas,7,
256,Januja Buch,6,
257,Viraj Naidu,22,
258,Matthew Bobal,13,
259,Robert Khatri,7,
260,Gauri Mutti,10,
261,Anay Samra,2,
262,Osha Anne,4,
263,Abha Apte,17,
264,Laksh Kurian,4,
265,Yahvi Mittal,12,
266,Lajita Keer,4,
267,Falan Ravi,1,
268,Jairaj Sen,12,
269,Arjun Rao,5,
270,Sara Deshpande,16,
271,Unni Mohanty,7,
272,Tanveer Yogi,16,
273,Gayathri Borra,18,
274,Nitesh Ghose,14,
275,Edhitha Vig,0,
276,Jai Raj,17,
277,Chakradev Yadav,6,
278,Peter Raj,6,
279,Harshil Bhakta,15,
280,Tanveer Sibal,10,
281,Henry Salvi,4,
282,Fiyaz Pillay,20,
283,Jackson Luthra,13,
284,Ronith Jayaraman,22,
285,Vincent Kar,9,
286,Shivani Sarma,4,
287,Nachiket Sarin,23,
288,Charles Kata,18,
289,Mitali Kala,17,
290,Omisha Rege,3,
291,Bhavini Venkataraman,22,
292,Omkaar Thakur,8,
293,Radha Lal,18,
294,Siddharth Mannan,10,
295,Wriddhish Sathe,2,
296,Atharv Kumar,10,
297,Isaac Kamdar,6,
298,Falak Menon,16,
299,Dipta Seshadri,22,
300,Charvi Pai,17,
301,Nihal Yogi,14,
302,Urvashi Singh,16,
303,Gagan Manda,24,
304,Zayan Chandran,16,
305,Bhavna Pillay,23,
306,Prisha Chanda,9,
307,Chanakya Magar,14,
308,Harshil Hari,22,
309,David Chander,15,
310,Dhruv Ghose,14,
311,Aarini Grewal,8,
312,Advik Goda,20,
313,Yagnesh Kunda,18,
314,Shivani Vyas,0,
315,Bhavini Ramaswamy,1,
316,Nakul Wali,5,
317,Ladli Madan,23,
318,Maya Tata,8,
319,Unnati Bakshi,23,
320,Wridesh Kakar,17,
321,Yatin Lad,0,
322,Bishakha Mand,9,
323,Vidhi Sundaram,3,
324,Anirudh Naidu,13,
325,Eshana Pradhan,20,
326,Sai Ghosh,5,
327,Chanakya Sha,19,
328,Unnati Goel,4,
329,Unni Chakraborty,14,
330,Aarav Bali,23,
331,Zinal Dora,9,
332,Lohit Raj,2,
333,Madhavi Pillai,16,
334,Harita Gala,8,
335,Tanmayi Srinivasan,8,
336,Zaitra Rao,14,
337,Lohit Sankaran,17,
338,Yashoda Bera,2,
339,Nidra Chatterjee,7,
340,Chaman Arora,2,
341,Arjun Dutta,18,
342,Varsha Bains,21,
343,Zehaan Agate,12,
344,Yachana Sastry,21,
345,Kamya Mukhopadhyay,15,
346,Gunbir Bhattacharyya,6,
347,Oscar Kohli,19,
348,Saanvi Sama,4,
349,Arjun Kapadia,18,
350,Kevin Tandon,1,
351,Elijah Kunda,2,
352,Unni Amble,2,
353,Leela Choudhury,1,
354,Udyati Wable,15,
355,Chandani Nayak,16,
356,Eshana Parekh,15,
357,Lekha Tailor,15,
358,Faqid Gandhi,18,
359,Krishna Kunda,16,
360,Edhitha Chowdhury,23,
361,Caleb Lad,4,
362,Oliver Nagar,11,
363,Vedant Prasad,21,
364,Abhiram Balay,11,
365,Samarth Babu,6,
366,Ayushman Dugal,6,
367,Triya Wali,3,
368,Chameli Kulkarni,5,
369,Mitesh Rao,15,
370,Urmi Sankaran,7,
371,Maya Vohra,5,
372,Reva Mohanty,22,
373,Ishaan Brar,18,
374,Radhika Tak,24,
375,Ishwar Iyengar,9,
376,Yug Wason,15,
377,Qabil Bava,1,
378,Avi Dewan,13,
379,Yug Choudhury,10,
380,Fariq Doshi,23,
381,Janani Bhagat,23,
382,Girindra Deol,1,
383,Naksh Ahuja,24,
384,Yutika Seshadri,2,
385,Ladli Kurian,21,
386,Gauri Srinivasan,10,
387,Raghav Jayaraman,3,
388,Damini Oommen,13,
389,Ishani Ganguly,4,
390,Nirja Sarna,2,
391,Zayyan Varty,7,
392,Kevin Gade,9,
393,Jeevika Sen,11,
394,Yagnesh Kala,7,
395,Idika Bora,22,
396,Upasna Din,6,
397,Ekta Joshi,1,
398,Bhavya Ramakrishnan,11,
399,Meghana Srinivas,21,
400,Pooja Ray,19,
401,Dhriti Chowdhury,10,
402,Zinal Ramachandran,8,
403,Nandini Aurora,4,
404,Vasatika Lala,5,
405,Sai Lal,6,
406,Baljiwan Rajan,13,
407,Aarini Bhatnagar,17,
408,Onkar Basu,14,
409,Mohammed Ravel,0,
410,Yoshita Cheema,15,
411,Kiaan Kapadia,14,
412,Aarav Khosla,21,
413,Qabil Kara,8,
414,Nimrat Srinivas,6,
415,Kavya Pall,11,
416,Fiyaz Loyal,8,
417,Ekavir Kota,11,
418,Jagdish Kunda,10,
419,Chasmum Doctor,2,
420,Anita Dalal,12,
421,Pushti Gulati,4,
422,Pooja Luthra,21,
423,Gautami Ganesan,21,
424,Nathan Khatri,20,
425,Dominic Raja,17,
426,Lucky Bandi,10,
427,Netra Sahota,2,
428,Ati Vaidya,21,
429,Atharv Gade,8,
430,Naveen Bobal,7,
431,Advika Khatri,23,
432,Yasti Balasubramanian,7,
433,Ayaan Sen,12,
434,Nidra Khalsa,10,
435,Januja Padmanabhan,5,
436,Kamala Naik,12,
437,Samuel Srivastava,10,
438,Rehaan Ram,13,
439,Vamakshi Vyas,13,
440,Sachi Kadakia,18,
441,Hema Buch,4,
442,Gaurav Lad,14,
443,Vyanjana Jhaveri,12,
444,Ekanta Madan,23,
445,Chakradev Yogi,15,
446,Dayita Rajan,18,
447,Abdul Toor,16,
448,Abdul Wali,15,
449,Dalaja Johal,13,
450,Banjeet Barman,16,
451,Jonathan Kulkarni,6,
452,David Barman,5,
453,Forum Thaman,4,
454,Dev Deep,23,
455,Jai Pradhan,23,
456,Anita Pau,0,
457,Xalak Doshi,15,
458,Vedant Walla,22,
459,Abhimanyu Tripathi,13,
460,Oliver Chakrabarti,1,
461,Kalpit Kashyap,3,
462,Yug Kant,0,
463,Charita Balay,1,
464,Aarini Nayak,8,
465,Nidra Modi,0,
466,Jagvi Merchant,22,
467,Udyati Bail,19,
468,Jagat Chacko,22,
469,Rachana Patla,15,
470,Samesh Rajagopal,13,
471,Gautami Bandi,22,
472,Meera Kala,12,
473,Samar Deo,18,
474,Hamsini Keer,14,
475,Avi Mahajan,17,
476,Zarna Pathak,2,
477,Chakradhar Agarwal,14,
478,Samesh Korpal,14,
479,Christopher Chand,4,
480,Harrison Barman,12,
481,Indrajit Borah,23,
482,Chavvi Seth,24,
483,Aradhana Sarma,19,
484,Osha Pillay,15,
485,Zehaan Tiwari,21,
486,Girindra Swamy,19,
487,Chatresh Sagar,14,
488,Varenya Din,13,
489,Alexander Ahluwalia,8,
490,Rohan Virk,20,
491,Hemal Dutta,17,
492,Hiral Puri,16,
493,Aahana Bawa,4,
494,Laksh Tailor,14,
495,Karan Tripathi,23,
496,Raksha Modi,10,
497,Ethan Sharma,21,
498,Tanvi Rajagopalan,11,
499,Chaman Panchal,6,
500,Rudra Rajagopal,24,
501,Sachi Lall,19,
502,Lakshit Kohli,20,
503,Michael Khosla,8,
504,Raksha Tara,2,
505,Vasudha Chokshi,16,
506,Balvan Sahni,23,
507,Nitara Deep,8,
508,Pooja Mane,10,
509,Zaitra Verma,13,
510,Deepa Barad,9,
511,Onveer Dube,3,
512,Amara Andra,15,
513,Dalbir Walia,15,
514,Anjali Dara,11,
515,Lakshmi Ghosh,5,
516,Chakrika Narasimhan,6,
517,Chasmum Chaudhari,22,
518,Eesha Bhatia,7,
519,Vidhi Sabharwal,5,
520,Tanvi Bala,6,
521,Geetika Bala,8,
522,Rachit Gokhale,15,
523,Osha Nagy,21,
524,Chameli Chaudhuri,12,
525,Saksham Mishra,14,
526,Ojas Varghese,17,
527,Abhiram Mital,3,
528,Nachiket Garg,4,
529,Ekaraj Sankaran,7,
530,Ryan Gala,3,
531,Shravya Lal,16,
532,Saksham Kata,16,
533,Dhriti Sarma,1,
534,Irya Pau,23,
535,Kritika Dewan,15,
536,Jhalak Balasubramanian,18,
537,Dalbir Manda,21,
538,Yuvraj Dayal,6,
539,Advika Chaudhari,10,
540,Aishani Bal,0,
541,Balvan Naik,20,
542,Gavin Gulati,17,
543,Aadhya Sunder,6,
544,Vedhika Dani,12,
545,Aditya Wali,2,
546,Yasti Zachariah,8,
547,Advay Tripathi,16,
548,Lavanya Kamdar,1,
549,Reva Iyer,14,
550,Rohan Doshi,8,
551,Vamakshi Khosla,6,
552,Warda Dey,18,
553,Waida Wali,10,
554,Arjun Handa,23,
555,Shaurya Bava,20,
556,Ansh Kulkarni,17,
557,Lajita Sani,16,
558,Sathvik Sarma,21,
559,Priya Datta,3,
560,Krish Bora,1,
561,Jyoti Wagle,16,
562,Forum Banik,22,
563,Vasudha Balakrishnan,19,
564,Xavier Dugar,0,
565,Reva Bhatti,12,
566,Girindra Choudhary,9,
567,Udarsh Dhingra,16,
568,Upadhriti Choudhury,22,
569,Joshua Mangal,20,
570,Yasti Dutt,16,
571,Finn Badal,10,
572,Max Bhalla,8,
573,Jagat Sahota,2,
574,Onveer Dalal,9,
575,Imaran Gandhi,16,
576,Chavvi Tara,15,
577,Advay Kala,15,
578,Pahal Dara,14,
579,Isaac Virk,12,
580,Jeevika Sunder,1,
581,Agastya Natarajan,5,
582,Yashica Karpe,2,
583,Odika Balakrishnan,23,
584,Neelima Ravel,0,
585,Quincy Ratti,16,
586,Lajita Bhardwaj,23,
587,Avni Bir,0,
588,Chanchal Majumdar,10,
589,Kai Sule,3,
590,Zinal De,10,
591,Harish Mall,12,
592,Yutika Kunda,21,
593,Hemani Kade,16,
594,Jai Khatri,19,
595,Ishita Patil,20,
596,Nathaniel Lata,12,
597,Ishita Bahri,16,
598,Anamika Mital,1,
599,Balveer Murthy,1,
600,Hamsini Deep,21,
601,Jack Shukla,17,
602,Veer Babu,5,
603,Advay Amble,24,
604,Hritik Randhawa,1,
605,Eesha Zachariah,22,
606,Nandini Tank,10,
607,Onveer Sha,16,
608,Isaac Taneja,8,
609,Zashil Arora,19,
610,Nilima Mani,4,
611,Jagrati Bhattacharyya,19,
612,Ekaja Dixit,14,
613,Brinda Wason,24,
614,Dakshesh Raval,16,
615,Kabir Raju,9,
616,Vaishnavi Devi,5,
617,Indali Pant,12,
618,Geetika Ghose,20,
619,Saanvi Hari,15,
620,Jack Walla,23,
621,Mohini Prabhakar,1,
622,Hardik Tripathi,19,
623,Guneet Amble,4,
624,Falak Datta,23,
625,Ranveer Bhasin,16,
626,Aishani Bora,6,
627,Omkaar Dugar,23,
628,Ekalinga Barad,16,
629,Farhan Dalal,4,
630,Tanmayi Deshpande,5,
631,Ayaan Menon,9,
632,Manbir Dayal,4,
633,Bhavna Khosla,13,
634,Nitara Sharma,24,
635,Mason Sarna,19,
636,Xavier Acharya,13,
637,Ridhi Chana,1,
638,Agastya Sachar,8,
639,Nimrat Chowdhury,17,
640,Robert Sachdev,17,
641,Faras Sarraf,21,
642,Pavani Bahl,8,
643,Praneel Rai,4,
644,Leela Kulkarni,17,
645,Rishi Gupta,11,
646,Krish Dubey,5,
647,Aarav Hans,16,
648,Lila Varghese,13,
649,Hredhaan Sidhu,9,
650,Harrison Agarwal,18,
651,Jasmit Pal,2,
652,Ekansh Kurian,9,
653,Viraj Narula,13,
654,Oeshi Sarma,14,
655,Guneet Chander,15,
656,Dev Bath,5,
657,Peter Srinivasan,13,
658,Eshana Chaudhary,3,
659,Rudra Kapoor,12,
660,Nikita Pandit,7,
661,Januja Suresh,22,
662,Upadhriti Walia,8,
663,Lekha Krish,20,
664,Varenya Lad,10,
665,Madhav Ram,4,
666,Saksham Brahmbhatt,4,
667,Nisha Ramanathan,24,
668,Manthan Dixit,17,
669,Omisha Bava,15,
670,Parth Virk,22,
671,Nandini Halder,18,
672,Tara Ranganathan,23,
673,Mason Palan,8,
674,Leela Borra,10,
675,Lopa Kala,10,
676,Nimrat Sehgal,13,
677,Pahal Khatri,9,
678,Ekbal Padmanabhan,8,
679,Chaman Nagar,4,
680,Indrajit Jani,10,
681,Rachana Sridhar,8,
682,Ekansh Agrawal,12,
683,Mason Roy,18,
684,Anamika Roy,7,
685,Orinder Dhingra,22,
686,Oviya Nair,3,
687,Nidra Upadhyay,11,
688,Darika Barad,24,
689,Yachana Bhandari,6,
690,Nikita Swaminathan,23,
691,Barkha Ganesh,7,
692,Wridesh Lad,18,
693,Rishi Parmer,22,
694,Anusha Seshadri,7,
695,Aarav Bhatia,18,
696,Frado Tank,24,
697,Hredhaan Minhas,3,
698,Januja Amble,9,
699,Ikbal Mane,14,
700,Ikshita Naik,22,
701,Omkaar Naik,7,
702,Orinder Sachar,14,
703,Tara Narang,15,
704,Guneet Keer,23,
705,Aachal Sampath,20,
706,Ayaan Ganguly,6,
707,Alka Srinivasan,7,
708,Yashawini Saran,12,
709,Daniel Banik,12,
710,Urmi Sharma,1,
711,Eshana Bumb,19,
712,Om Kumar,14,
713,Eesha Amble,5,
714,Yachana Dave,24,
715,Darika Rout,17,
716,Jacob Hari,6,
717,Ekaraj Zacharia,1,
718,Alexander Sama,1,
719,Patrick Vasa,0,
720,Pahal Narasimhan,24,
721,Jason Ghosh,21,
722,Ganga Sampath,13,
723,Qasim Nadkarni,1,
724,Aahana Bajaj,9,
725,Aradhana Bajaj,3,
726,Mohini Jani,3,
727,Aadi Viswanathan,22,
728,Falguni Balan,6,
729,Ekaja Pal,19,
730,Ekani Chaudhary,4,
731,Aarini Gill,11,
732,Adya Pau,11,
733,Ansh Mital,24,
734,Yashoda Devi,5,
735,Abha Pandit,17,
736,Harrison Mahal,1,
737,Tripti Wali,18,
738,Krish Lala,15,
739,Krish Edwin,22,
740,Maanav Sundaram,1,
741,Praneel Nagar,16,
742,Chaitanya Seth,19,
743,Atharv Lanka,6,
744,Vincent Patil,20,
745,Daksha Vaidya,6,
746,George Rajan,22,
747,Jonathan Chacko,11,
748,Alka Mittal,22,
749,David Char,10,
750,Atharv Shanker,16,
751,Rayaan Deep,10,
752,Hemangini Anand,7,
753,Vamakshi Palla,5,
754,Chanakya Bir,5,
755,Saksham Toor,14,
756,Aarnav Chaudhary,19,
757,Arya Ratta,11,
758,Azaan Hari,8,
759,Umang Chahal,12,
760,Samesh Nadkarni,14,
761,Ucchal Chander,14,
762,Upasna Chauhan,12,
763,Yutika Lala,8,
764,Balvan Panchal,10,
765,Vansha Dhar,21,
766,Jeremiah Pradhan,10,
767,Rachana Mitter,8,
768,Ishani Bumb,16,
769,Ira Aurora,22,
770,Rachita Chaudhuri,24,
771,Jai Rajagopalan,20,
772,Amol Chopra,5,
773,Amol Sridhar,21,
774,Brijesh Chaudhary,4,
775,Upma Mukhopadhyay,24,
776,Ishanvi Basu,20,
777,Eta Pant,2,
778,Chameli Kala,5,
779,Ansh Khosla,21,
780,Baljiwan Hora,16,
781,Bahadurjit Gupta,10,
782,Chakradev Bajwa,3,
783,Nathan Bahri,11,
784,Fariq Johal,9,
785,Logan Wadhwa,16,
786,Omya Yogi,5,
787,Naksh Bhandari,17,
788,Dev Kuruvilla,20,
789,Dipta Sem,18,
790,Ryan Kohli,21,
791,Indali Rajagopalan,24,
792,Hardik Verma,14,
793,Turvi Viswanathan,11,
794,Gaurang Kaur,18,
795,Leena Nayak,24,
796,Ekaja Desai,4,
797,Urvi Sangha,17,
798,Riya Gola,11,
799,Megha Hayer,14,
800,Janaki Mall,9,
801,Janani Bhasin,24,
802,Chatura Rajagopal,18,
803,Urvi Sunder,8,
804,Raksha Barad,5,
805,Lakshmi Mukherjee,13,
806,Nicholas Tank,0,
807,Neha Sani,0,
808,Vyanjana Cheema,10,
809,Kalpit Sarraf,2,
810,Nathaniel Kadakia,20,
811,Eesha Randhawa,21,
812,Manbir Hayre,4,
813,Raksha Sastry,7,
814,Ishani Sinha,21,
815,William Bora,17,
816,Barkha Dyal,4,
817,Gautam Shan,11,
818,Ekiya Hayer,22,
819,Tamanna Din,17,
820,Jeet Char,20,
821,Chavvi Raju,11,
822,Arin Bhatti,20,
823,Anusha Andra,7,
824,Shaurya Saha,8,
825,Noah Dutta,14,
826,Farhan Shere,2,
827,Ishita Karnik,14,
828,Falguni Shankar,3,
829,Mugdha Shetty,15,
830,Maya Minhas,24,
831,Nihal Puri,24,
832,Reyansh Kibe,18,
833,Samarth Chacko,17,
834,Ekaja Bala,15,
835,Daksh Mani,11,
836,Wridesh Khanna,11,
837,Siddharth Madan,22,
838,Mahika Narasimhan,3,
839,Ria Sankar,14,
840,Warhi Balan,18,
841,Edhitha Din,17,
842,Benjamin Sandhu,10,
843,Wriddhish Singhal,23,
844,Omaja Atwal,22,
845,Jairaj Hari,14,
846,Anamika Pai,15,
847,Jack Ratti,10,
848,Yashica Radhakrishnan,10,
849,Omaja Zacharia,20,
850,Vrishti Dube,12,
851,Faraj Dubey,6,
852,Quincy Tata,14,
853,Krisha Dara,16,
854,Baljiwan Comar,24,
855,Radha Gulati,23,
856,Timothy Mani,12,
857,Bakhshi Grover,3,
858,Charan Bedi,0,
859,Aarini Swaminathan,11,
860,Yashasvi Chaudhry,3,
861,Chasmum Khanna,0,
862,Kashvi Chaudhari,5,
863,Falan Jain,23,
864,Panini Nanda,10,
865,Vansha Vohra,20,
866,Widisha Bhakta,24,
867,Varsha Munshi,17,
868,Baljiwan Narula,17,
869,Akshay Ganguly,19,
870,Samar Rastogi,5,
871,Avi Choudhury,13,
872,Faras Ratta,5,
873,Rushil Kota,21,
874,Champak Gera,14,
875,Nathaniel Hayer,21,
876,Radha Dhillon,0,
877,Victor Hayer,16,
878,Jack Sangha,11,
879,Bhavini Golla,2,
880,Kamya Doctor,1,
881,Nikita Patil,22,
882,Bahadurjit Subramanian,5,
883,Fariq Ratta,4,
884,Darsh Pradhan,7,
885,David Apte,1,
886,Geetika Bahri,11,
887,Charita Kuruvilla,6,
888,Vanya Shan,13,
889,Lavanya Issac,9,
890,Chakradev Nadig,19,
891,Qasim Sankaran,13,
892,Advay Sarin,10,
893,Saumya Virk,18,
894,Aadhya Rau,0,
895,Diya Bhatnagar,1,
896,Owen Sane,22,
897,Laksh Golla,2,
898,George Bhavsar,4,
899,Siya Zachariah,10,
900,Ucchal Cheema,18,
901,Krishna Din,6,
902,Triya Hegde,15,
903,Raagini Desai,19,
904,Anay Srinivas,7,
905,Hritik Som,23,
906,Ira Chandran,3,
907,Zinal Pandya,11,
908,Tanay Bahri,17,
909,Dalbir Pandya,22,
910,Baghyawati Chatterjee,13,
911,Fitan Rege,16,
912,Ronith Oommen,11,
913,Aahana Loke,8,
914,Hema Srinivas,15,
915,Bishakha Barman,20,
916,Lucky Sur,9,
917,Fariq Behl,19,
918,Vansha Saini,19,
919,Krish Chandra,10,
920,Indali Hora,8,
921,Gavin Ramakrishnan,0,
922,Tara Doctor,15,
923,Bhavya Kibe,3,
924,Arjun Kapadia,21,
925,Bina Bala,7,
926,Lekha Kaul,1,
927,Yachana Kuruvilla,13,
928,Falan Maharaj,23,
929,Aahana Deo,8,
930,Elijah Sarin,23,
931,Logan Chaudhuri,13,
932,Anvi Mohan,13,
933,Varsha Sangha,20,
934,Reyansh Loyal,11,
935,Turvi Dutta,10,
936,Yagnesh Kohli,0,
937,Noah Memon,21,
938,Balveer Nayar,0,
939,Gaurav Bhatia,10,
940,Vasana Maharaj,19,
941,Lakshmi Sahota,24,
942,Neelima Narayan,14,
943,Zinal Joshi,20,
944,Anjali Saraf,22,
945,Chaitaly Koshy,8,
946,Jagdish Ravel,19,
947,Jairaj Pant,20,
948,Ranveer Rana,21,
949,Megha Singhal,16,
950,Manan Gandhi,9,
951,Upadhriti Lal,14,
952,Indrajit Doctor,11,
953,Tejas Patla,4,
954,Amara Andra,13,
955,Hardik Bhatia,9,
956,Mekhala Mistry,19,
957,Praneel Shukla,0,
958,Vedika Balakrishnan,15,
959,Bhavna Andra,3,
960,Chasmum Kapoor,4,
961,Alka Upadhyay,8,
962,Omkaar Sandal,16,
963,Tejas Tata,5,
964,Garima Ramachandran,23,
965,Krish Kashyap,24,
966,Abha Gandhi,4,
967,Nidra Manne,17,
968,Vedant Rege,16,
969,Jagat Mody,20,
970,Zansi Sahni,10,
971,Chakrika Sachdev,2,
972,Odika Walla,5,
973,Zaid Dube,8,
974,Ekantika Narayan,12,
975,Tanay Khurana,0,
976,Agastya Dar,14,
977,Charita Patil,19,
978,Faris Gopal,3,
979,Devika Taneja,22,
980,Upasna Karpe,1,
981,Ethan Bobal,15,
982,Leena Seth,23,
983,Teerth Toor,5,
984,Yamini Lata,19,
985,Aadi Mahajan,14,
986,Vedhika Nath,18,
987,Jagvi Iyengar,6,
988,Shravya Buch,24,
989,Jhalak Yadav,10,
990,Shivani Borah,17,
991,Chandani Yohannan,7,
992,Qarin Mishra,1,
993,Vyanjana Seth,11,
994,Mugdha Talwar,21,
995,Lakshit Mitter,7,
996,Upasna Mall,0,
997,Simon Prabhu,6,
998,Abhiram Narasimhan,8,
999,Hritik Goel,21,
1000,Nidhi Sangha,21,
1001,Raghav Khatri,8,
1002,Yagnesh Ganesh,1,
1003,Nathaniel Contractor,3,
1004,Chakradev Chand,13,
1005,Hemang Chacko,13,
1006,Tristan Bir,7,
1007,Wriddhish Kant,20,
1008,Gauri Garde,8,
1009,Samar Bir,2,
1010,Hredhaan Bains,21,
1011,Harinakshi Nagy,21,
1012,Jack Wadhwa,18,
1013,Vyanjana Deol,5,
1014,Omisha Kadakia,0,
1015,Aayush Butala,20,
1016,Hitesh Rege,17,
1017,Rehaan Panchal,7,
1018,Vedika Desai,6,
1019,Priya Wable,6,
1020,Ikshita Wali,9,
1021,Agastya Ravi,3,
1022,Gaurangi Amble,17,
1023,Zayyan Buch,18,
1024,Lucky Ratti,9,
1025,Frederick Virk,19,
1026,Chatura Krishnan,18,
1027,Chanchal Dey,2,
1028,Ishanvi Barad,16,
1029,Arunima Kumer,0,
1030,Victor Pradhan,23,
1031,Harinakshi Dhar,7,
1032,Faqid Chana,16,
1033,Leela Parmar,3,
1034,Tanish Sundaram,1,
1035,Upma Raval,16,
1036,Chandran Chanda,1,
1037,Adweta Narang,0,
1038,Jonathan Bassi,4,
1039,Aradhana Prabhakar,5,
1040,Aditya Kapadia,11,
1041,Rachita Master,23,
1042,Sanya Mohanty,9,
1043,Ojasvi Acharya,7,
1044,Chasmum Oommen,13,
1045,Samuel Sodhi,3,
1046,Dalaja Bera,18,
1047,Yash Baral,4,
1048,Warhi Mishra,23,
1049,Warhi Goswami,20,
1050,Ekapad Wali,6,
1051,Maya Hans,19,
1052,Lakshmi Gill,1,
1053,Raksha Jain,24,
1054,Siddharth Desai,10,
1055,Dev Bains,9,
1056,Onveer Doshi,17,
1057,Shivansh Narain,1,
1058,Girindra Mittal,13,
1059,Nidhi Bedi,23,
1060,Avi Zacharia,9,
1061,Akshay Ram,5,
1062,Zehaan Reddy,20,
1063,Laksh Varty,2,
1064,Noah Gulati,22,
1065,Xavier Srinivas,15,
1066,Turvi Deep,7,
1067,Bhavya Lad,8,
1068,Kalpit Parmar,10,
1069,Sara Keer,15,
1070,Sathvik Batra,1,
1071,Jackson Pandit,23,
1072,Ishwar Mander,4,
1073,Zansi Kari,0,
1074,Ishanvi Kanda,22,
1075,Janaki Ratta,14,
1076,Ganga Parmar,6,
1077,Max Pant,15,
1078,Anthony Rao,11,
1079,Gayathri Ahuja,18,
1080,Harish Yohannan,14,
1081,Michael Sane,2,
1082,Bachittar Narayanan,19,
1083,Yashvi Magar,20,
1084,Neha Vala,20,
1085,Tripti Raghavan,4,
1086,Hemani Pillai,14,
1087,Banjeet Kumar,21,
1088,Yamini Sathe,16,
1089,Keya Chakrabarti,15,
1090,Andrew Devan,15,
1091,Adya Kar,22,
1092,Matthew Mann,11,
1093,Adya Chaudhuri,3,
1094,Orinder Chahal,4,
1095,Harinakshi Bose,23,
1096,Aashi Khalsa,7,
1097,Vidhi Yohannan,11,
1098,Gaurang Muni,4,
1099,Urmi Acharya,10,
1100,Unni Lal,18,
1101,Maya Devi,9,
1102,Jagrati Panchal,23,
1103,Fariq Virk,17,
1104,Guneet Bandi,11,
1105,Sathvik Lad,8,
1106,Kiaan Koshy,21,
1107,Bhavya Prabhakar,9,
1108,Reyansh Johal,19,
1109,Krishna Tandon,19,
1110,Samuel Dora,18,
1111,Logan Deshpande,20,
1112,Azaan Padmanabhan,5,
1113,Vedant Srivastava,9,
1114,Nachiket Kothari,18,
1115,Zarna Shankar,8,
1116,Noah Koshy,15,
1117,Fitan Kalita,7,
1118,Krish Kanda,11,
1119,Pallavi Parmer,21,
1120,Jai Parekh,4,
1121,Jeremiah Rao,10,
1122,Jonathan Batra,18,
1123,Zehaan Sood,2,
1124,Ojas Sarma,23,
1125,Ijaya Minhas,21,
1126,Lipika Singhal,14,
1127,Vincent Mann,21,
1128,Ekaraj Tandon,19,
1129,Deepa Dara,2,
1130,Yashica Mohanty,21,
1131,Krishna Sangha,0,
1132,Anay Dani,10,
1133,Sara Sane,12,
1134,Gaurika Bawa,4,
1135,Shivani Gala,6,
1136,Chandran Purohit,0,
1137,Gauri Sane,12,
1138,Sanaya Tandon,9,
1139,Abeer Mukherjee,19,
1140,Kashvi Dhar,17,
1141,Logan Kalita,12,
1142,Aryan Badal,0,
1143,Dakshesh Karnik,16,
1144,Prisha Thaker,11,
1145,Tristan Dhawan,22,
1146,Jatin Srinivasan,5,
1147,Unnati Sami,6,
1148,Balveer Dara,0,
1149,Dayita Chand,9,
1150,Januja Murty,2,
1151,Deepa Goda,6,
1152,Tanveer Mane,9,
1153,Eesha More,9,
1154,Yagnesh Bedi,8,
1155,Anamika Maharaj,5,
1156,Gaurangi Bhargava,23,
1157,Advik Rajagopalan,8,
1158,Warinder Peri,22,
1159,Nisha Hora,8,
1160,Balhaar Badal,9,
1161,Samesh Issac,3,
1162,Vasana Dora,24,
1163,Yashvi Dora,15,
1164,Adya Mohanty,24,
1165,Divya Ramanathan,1,
1166,Ojas Shah,10,
1167,Ikshita Varughese,8,
1168,Indali Nori,2,
1169,Vincent Nagarajan,6,
1170,Anita Gara,12,
1171,Prisha Khosla,12,
1172,Ansh Pant,18,
1173,Deepa Chaudry,10,
1174,Yug Choudhry,4,
1175,Zarna Sura,15,
1176,Banjeet Dash,1,
1177,Manbir Shan,9,
1178,Madhavi Pandya,9,
1179,Yasti Kale,18,
1180,Yamini Kulkarni,19,
1181,Hemani Yohannan,5,
1182,Gautami Chandran,21,
1183,Chaman Nazareth,15,
1184,Eshana Wali,12,
1185,Sachi Handa,18,
1186,Yahvi Kaul,2,
1187,Chanchal Bakshi,8,
1188,Agastya Kashyap,9,
1189,Sudiksha Krish,15,
1190,Andrew Dara,17,
1191,Inaya Vora,3,
1192,Rehaan Kamdar,20,
1193,Tamanna Dhingra,23,
1194,Fiyaz Magar,23,
1195,Ranbir Naidu,21,
1196,Ucchal Bains,15,
1197,Praneel Sinha,17,
1198,David Pingle,9,
1199,Jasmit Raj,0,
1200,Amara Bhattacharyya,22,
1201,Nakul Sidhu,9,
1202,Naveen Chaudhuri,16,
1203,Yutika Gulati,18,
1204,Frado Naidu,15,
1205,Sara Subramaniam,24,
1206,Aadhya Mittal,5,
1207,Omkaar Nadig,7,
1208,Zashil Pathak,15,
1209,Tara Rana,11,
1210,Luke Prabhakar,8,
1211,Ekaja Shankar,15,
1212,Timothy Dada,6,
1213,Indira Dave,7,
1214,Ira Bhagat,19,
1215,Meghana Deol,4,
1216,Wahab Basak,22,
1217,Caleb Bhatnagar,8,
1218,Rachita Bhatti,7,
1219,Arunima Ravi,22,
1220,Vivaan Shetty,19,
1221,Leela Datta,15,
1222,Yashawini Agrawal,10,
1223,Chaaya Rana,0,
1224,Nidra Narang,16,
1225,Nilima Minhas,11,
1226,Meghana Barad,4,
1227,Hemal Gupta,13,
1228,Yatan Contractor,6,
1229,Jyoti Agrawal,23,
1230,Andrew Balakrishnan,6,
1231,Jackson Raju,3,
1232,Chatresh Khosla,14,
1233,Sanya Savant,6,
1234,Shravya Gaba,21,
1235,Priya Nagarajan,23,
1236,Jagvi Varghese,8,
1237,Zilmil Bhasin,0,
1238,Jagvi Sethi,1,
1239,Samesh Guha,7,
1240,Zehaan Loke,6,
1241,Irya Dhar,22,
1242,Abhimanyu Manne,2,
1243,Madhavi Gokhale,6,
1244,Abha Pall,19,
1245,Varenya Varty,15,
1246,Mohini Prasad,1,
1247,Neelima Lanka,0,
1248,Utkarsh Doshi,7,
1249,Manthan Kibe,4,
1250,Nachiket Sur,9,
1251,Wriddhish Sinha,3,
1252,Hemangini Murty,8,
1253,Bishakha Oza,13,
1254,Fiyaz Chawla,20,
1255,Imaran Kaul,9,
1256,Vivaan Char,17,
1257,Ekalinga Roy,24,
1258,Finn Comar,22,
1259,Watika Mangat,8,
1260,Watika Mukherjee,4,
1261,Waida Khare,22,
1262,Leela Bumb,7,
1263,Bakhshi Tripathi,11,
1264,Nirja Varma,19,
1265,Wyatt Din,23,
1266,Jeremiah Vig,22,
1267,Naksh Dash,18,
1268,Hemani Ramanathan,13,
1269,Simon Minhas,10,
1270,Harsh Deep,10,
1271,Simon Patel,23,
1272,Sara Nayar,3,
1273,Chanchal Narayan,17,
1274,Hardik Vaidya,8,
1275,Teerth Kalita,7,
1276,Deepa Kannan,3,
1277,Pranit Balakrishnan,18,
1278,Jasmit Bhakta,18,
1279,Gauri Hora,21,
1280,Upkaar Sani,1,
1281,William Bhatti,10,
1282,Yashvi Butala,2,
1283,Maya Parmer,0,
1284,Devika Garg,9,
1285,Kevin Boase,20,
1286,Nikita Nath,12,
1287,Libni Wali,2,
1288,Chasmum Kurian,6,
1289,Aditya Saha,24,
1290,Pooja Raghavan,4,
1291,Forum Rajagopal,1,
1292,Ganga Ben,17,
1293,Vidhi Seth,13,
1294,Oliver Basak,19,
1295,Advik Rattan,24,
1296,Nimrat Krishnamurthy,1,
1297,Shivani Joshi,4,
1298,Janaki Dyal,12,
1299,Azad Dhar,6,
1300,Girik Khalsa,9,
1301,Christopher Minhas,19,
1302,Gaurav Mittal,6,
1303,Chaitanya Mishra,22,
1304,Guneet Majumdar,17,
1305,Advaith Radhakrishnan,17,
1306,Prisha Dewan,1,
1307,Charles Taneja,24,
1308,Balendra Krishnamurthy,15,
1309,Xalak Oak,12,
1310,Yasti Kibe,16,
1311,Omaja Sampath,5,
1312,Nicholas Babu,22,
1313,Kashvi Walia,8,
1314,Aadhya Chokshi,2,
1315,Simon Khalsa,24,
1316,Peter Gopal,6,
1317,Amruta Vasa,4,
1318,Devansh Oommen,20,
1319,Leena Kashyap,6,
1320,Warinder Seth,9,
1321,Rajata Viswanathan,21,
1322,Rajeshri Bhalla,23,
1323,Vivaan Tripathi,9,
1324,Meera Gokhale,9,
1325,Falguni Kumer,24,
1326,Rachita Nori,5,
1327,Shivansh Narula,18,
1328,Ganga Hans,24,
1329,Ishita Dass,17,
1330,Nitara Mukhopadhyay,20,
1331,Unnati Chanda,14,
1332,Kabir Sarma,12,
1333,Girik Kumar,19,
1334,Chavvi Mistry,1,
1335,Bhavika Mutti,21,
1336,Sanya Dugar,9,
1337,Jeet Murthy,22,
1338,Udyati Dar,1,
1339,George Narula,2,
1340,Daksha Kade,4,
1341,Prisha Talwar,24,
1342,Ishanvi Date,14,
1343,Ijaya Sharma,6,
1344,Tejas Ganesh,14,
1345,Ria Pingle,11,
1346,Nicholas Venkataraman,2,
1347,Jatin Borde,9,
1348,Oviya Mohan,3,
1349,Lakshmi Goswami,6,
1350,William Barad,10,
1351,Ayushman Mistry,16,
1352,Udarsh Bhagat,19,
1353,Baljiwan Arya,14,
1354,Urvi Dhaliwal,16,
1355,Faris Pal,13,
1356,Mason Kannan,20,
1357,Rajata Dass,11,
1358,Vyanjana Sodhi,17,
1359,Bhavika Tank,24,
1360,Lekha Mann,12,
1361,Divya Chaudhuri,18,
1362,Vasatika Dube,4,
1363,Ansh Swamy,11,
1364,Maanav Chandran,7,
1365,Qadim Bandi,7,
1366,Abeer Sen,8,
1367,Nisha Date,18,
1368,Brijesh Krishnamurthy,18,
1369,Brijesh Jaggi,3,
1370,Kamala Ganguly,5,
1371,Matthew Pingle,22,
1372,Amol Oza,11,
1373,Osha Kapadia,0,
1374,Aarini Patil,17,
1375,Advik Parmer,18,
1376,Indira Luthra,16,
1377,Ryan Baral,2,
1378,Andrew Ranganathan,3,
1379,Brinda Mangal,13,
1380,Isaac Bhattacharyya,5,
1381,Yasti Aurora,4,
1382,Michael Mall,5,
1383,Banjeet Deshpande,12,
1384,Azad Ratta,8,
1385,Yauvani Kannan,16,
1386,Neel Sawhney,14,
1387,Idika Tiwari,14,
1388,Tristan Murty,18,
1389,Umang Prabhu,7,
1390,Sarthak Dalal,8,
1391,Meghana Sen,1,
1392,Jack Om,13,
1393,Ansh Lall,13,
1394,Ekani Bains,4,
1395,Ekansh Ratti,2,
1396,Kavya Sama,9,
1397,Ikbal Buch,1,
1398,Warda Pandya,12,
1399,Oliver Chanda,10,
1400,Balveer Mittal,10,
1401,Samesh Bajwa,8,
1402,Zinal Hora,20,
1403,Zarna Kibe,8,
1404,Jatin Kota,11,
1405,Lopa Naidu,0,
1406,Eshana Nagar,19,
1407,Krisha Bora,16,
1408,Amol Toor,4,
1409,Yadavi Dutta,11,
1410,Chakradev Wali,10,
1411,Rachana Khare,20,
1412,Tarak Kala,15,
1413,Jagdish Borah,6,
1414,Reyansh Gulati,22,
1415,Karan Gala,7,
1416,Sathvik Garde,21,
1417,Arin Upadhyay,18,
1418,Chandran Balakrishnan,24,
1419,Vyanjana Zachariah,14,
1420,Lila Nadkarni,4,
1421,Ayushman Guha,8,
1422,Sai Munshi,20,
1423,Priya Sheth,18,
1424,Manbir Verma,12,
1425,Chatura Wason,6,
1426,Jeremiah Dube,24,
1427,Niharika Kala,0,
1428,Chakrika Lad,2,
1429,Advika Hayer,6,
1430,Chakrika Walia,8,
1431,Rehaan De,3,
1432,Urishilla Kala,20,
1433,Samesh Murty,7,
1434,Jasmit Kaul,19,
1435,Akshay Warrior,17,
1436,Yoshita Bera,22,
1437,Yashawini Pall,1,
1438,Bimala Chandra,13,
1439,Pushti Konda,5,
1440,Bhavini Nigam,6,
1441,Peter Shetty,23,
1442,Nakul Kalla,20,
1443,Priya Chadha,0,
1444,Deepa Karpe,15,
1445,Ijaya Nair,2,
1446,David Bansal,24,
1447,Krishna Verma,14,
1448,Mohini Karan,21,
1449,Daksh Desai,10,
1450,Chasmum Dara,4,
1451,Kabir Hayre,16,
1452,Vasudha Vasa,15,
1453,Vaishnavi Gole,19,
1454,Leela Narayan,20,
1455,Radha Palan,17,
1456,Suhani Borde,4,
1457,Urvashi Mitra,18,
1458,Jonathan Chahal,7,
1459,Hemani Kar,13,
1460,Zansi Parikh,10,
1461,Alka Parikh,14,
1462,Indira Kalita,0,
1463,Ikbal Nair,19,
1464,Lila Sathe,11,
1465,Ethan Manne,10,
1466,Ethan Dey,14,
1467,Inaya Chaudhuri,8,
1468,Aachal Edwin,11,
1469,Diya Garde,0,
1470,Prisha Srinivas,21,
1471,Ucchal Pathak,21,
1472,Bhavani Parikh,1,
1473,Hema Lad,16,
1474,Anya Thaman,0,
1475,Anthony Vora,9,
1476,Yuvraj Sen,12,
1477,Qarin Choudhury,14,
1478,Hiral Mallick,4,
1479,Gaurangi Pradhan,10,
1480,Reyansh Majumdar,20,
1481,Jai Sha,6,
1482,Pallavi Kapadia,24,
1483,Fariq Pandya,3,
1484,Shivani Gandhi,19,
1485,Brinda Pant,10,
1486,Yash Dada,6,
1487,Parth Karpe,13,
1488,Lohit Soni,24,
1489,Omaja Kakar,6,
1490,Deepa Sibal,23,
1491,Champak Prashad,9,
1492,Chanchal Sinha,15,
1493,Rehaan Choudhury,6,
1494,Rushil Din,24,
1495,Anjali Pall,21,
1496,Yamini Mahajan,10,
1497,Varsha Raman,24,
1498,Nandini Chad,18,
1499,Vrishti Tandon,3,
1500,Farhan Cheema,24,
1501,Thomas Chowdhury,1,
1502,Tanish Pradhan,15,
1503,Yutika Mall,1,
1504,Unni Sama,7,
1505,Vrishti Muni,10,
1506,Ryan Nazareth,5,
1507,Neha Varma,20,
1508,Qasim Rau,17,
1509,Yutika Brar,16,
1510,Gopal Om,18,
1511,Qadim Lad,10,
1512,Girish Manda,5,
1513,Timothy Naidu,11,
1514,Balhaar Pathak,11,
1515,Jagrati Som,11,
1516,Matthew Chaudhuri,4,
1517,Vrishti Acharya,5,
1518,Ati Kuruvilla,14,
1519,Ganga Kulkarni,6,
1520,Zaitra Gandhi,6,
1521,Kashish Kale,2,
1522,Meera Agate,23,
1523,Aahana Sandal,7,
1524,Netra Raval,10,
1525,Ekani Contractor,18,
1526,Baljiwan Parekh,21,
1527,Zayyan Mane,24,
1528,Yamini Datta,0,
1529,Unnati Dalal,1,
1530,Abhiram Madan,17,
1531,Mitali Loyal,20,
1532,Pallavi Sheth,21,
1533,Neha Karan,18,
1534,Barkha Parikh,19,
1535,Amrita Kulkarni,12,
1536,Benjamin Gulati,17,
1537,Gaurika Parekh,18,
1538,Kiaan Prabhu,7,
1539,Siddharth Raju,14,
1540,Anusha Kar,20,
1541,Atharv Bhavsar,17,
1542,Mitali Panchal,9,
1543,William Uppal,14,
1544,Charles Cherian,9,
1545,Ekta Narayanan,17,
1546,Sachi Mandal,19,
1547,Urvi Mander,24,
1548,Kavya Patla,5,
1549,Patrick Nazareth,0,
1550,Inaya Bail,13,
1551,Dayita Kaul,19,
1552,Pooja Badal,2,
1553,Indali Bahri,0,
1554,Sudiksha Nayak,21,
1555,Mahika Bhasin,9,
1556,Tristan Andra,16,
1557,Darika Deshmukh,0,
1558,Fariq Kaur,15,
1559,Forum Shanker,22,
1560,Oni Lala,0,
1561,Alexander Tripathi,2,
1562,Alka Desai,4,
1563,Oscar Mody,18,
1564,Oliver Gour,21,
1565,Udant Buch,13,
1566,Hiral Uppal,13,
1567,Dominic Mall,24,
1568,Omkaar Taneja,17,
1569,Nikita Srinivas,6,
1570,William Kota,19,
1571,Jeevika Mallick,10,
1572,Chavvi Suri,21,
1573,Yagnesh Sheth,9,
1574,Vedika Ravel,11,
1575,Suhani Ghose,9,
1576,Bishakha Tata,5,
1577,Udyati Khosla,7,
1578,Wakeeta Khanna,6,
1579,Lajita Kala,12,
1580,Lavanya Chaudhry,20,
1581,Dayita Karpe,22,
1582,Udarsh Narula,11,
1583,Orinder Rajagopalan,11,
1584,Warhi Tandon,21,
1585,Saksham Warrior,12,
1586,Shivansh Wable,20,
1587,Gauri Natt,8,
1588,Vincent Bakshi,19,
1589,Christopher Gulati,6,
1590,Hemangini Suri,15,
1591,Nidra Gandhi,22,
1592,Vyanjana Madan,18,
1593,Dalaja Kamdar,23,
1594,Ayush Patil,24,
1595,Simon Narayan,10,
1596,Yash Amble,4,
1597,Urishilla Dasgupta,16,
1598,Udant Rai,0,
1599,Dhriti Nazareth,4,
1600,Adya Parsa,1,
1601,Eiravati Tak,1,
1602,Nidra Karan,11,
1603,Ganga Nayar,21,
1604,Unnati Varkey,4,
1605,Jasmit Som,10,
1606,Chaitanya Naidu,12,
1607,Zarna Shenoy,17,
1608,Irya Wali,13,
1609,Gaurav Vyas,4,
1610,Girindra Aggarwal,10,
1611,Ronith Lalla,3,
1612,Indrajit Hayer,21,
1613,Amruta Venkatesh,16,
1614,Janani Buch,13,
1615,Jagdish Ratta,2,
1616,Aadi Prakash,20,
1617,Zilmil Dewan,23,
1618,Anamika Merchant,1,
1619,Vasana Kaul,7,
1620,Imaran Toor,23,
1621,Kamya Handa,15,
1622,Wakeeta Mohan,5,
1623,Onveer Samra,20,
1624,George Issac,6,
1625,Frederick Vasa,21,
1626,Joshua Bobal,14,
1627,Lucky Sengupta,8,
1628,Samesh Prasad,17,
1629,Peter Dhar,11,
1630,Chandran Chatterjee,5,
1631,Amol Sami,11,
1632,Anmol Naik,6,
1633,Sai Kanda,14,
1634,Charvi Brahmbhatt,0,
1635,Pallavi Sane,14,
1636,Joshua Mall,13,
1637,Ethan Mall,24,
1638,Tarak Parmar,12,
1639,Sai Chandra,23,
1640,Yasti Nigam,20,
1641,Nicholas Krish,13,
1642,Arya Chakraborty,14,
1643,Jyoti Gole,20,
1644,Nimrat Johal,8,
1645,Daksh Munshi,17,
1646,Nachiket Dar,5,
1647,Upasna Dua,19,
1648,Avi Chopra,3,
1649,Aryan Singh,7,
1650,Gavin Sarraf,18,
1651,Gabriel Padmanabhan,10,
1652,Amol De,7,
1653,Jagdish Sengupta,9,
1654,Omya Khosla,4,
1655,Falguni Rastogi,1,
1656,Agastya Rai,11,
1657,Charita Tara,20,
1658,Nandini Vyas,19,
1659,Nitara Varkey,24,
1660,Chandran Grover,5,
1661,Rohan Dalal,10,
1662,Wishi Shukla,18,
1663,Qasim Murty,17,
1664,Sanya Joshi,6,
1665,Gautami Sagar,16,
1666,Falak Loke,20,
1667,Anya Ganesan,20,
1668,Pushti Arya,3,
1669,Triveni Radhakrishnan,2,
1670,Upadhriti Hayre,24,
1671,Harsh Palla,3,
1672,Nirja Ghosh,13,
1673,Osha Kapoor,8,
1674,Yutika Hari,22,
1675,Kiaan Gera,24,
1676,Nitara Shenoy,17,
1677,Nachiket Dass,17,
1678,Hredhaan Sundaram,15,
1679,Adweta Narasimhan,11,
1680,Damini Chahal,7,
1681,Vedhika Sule,8,
1682,Ekansh Radhakrishnan,17,
1683,Zilmil Varkey,5,
1684,Chandresh Garg,13,
1685,Pavani Halder,5,
1686,Finn Hegde,6,
1687,Hema Nanda,4,
1688,Chasmum Yadav,2,
1689,Megha Patla,9,
1690,Ojas Bali,15,
1691,Chakrika Chaudry,10,
1692,Balvan Lala,2,
1693,Jai Master,14,
1694,Dalbir Agarwal,11,
1695,Maanav Deep,21,
1696,Imaran Chanda,0,
1697,Tejas Kade,12,
1698,Vasana Dass,15,
1699,Robert Nagy,23,
1700,Gagan Chokshi,6,
1701,Vasana Swaminathan,6,
1702,Jalsa Deol,5,
1703,Hitesh Chanda,2,
1704,Chameli Kanda,11,
1705,Hemani Sampath,8,
1706,Balhaar Buch,10,
1707,Samar Pai,5,
1708,Lekha Barman,11,
1709,Aarav Shukla,15,
1710,Udarsh Goswami,21,
1711,Ganga Patel,21,
1712,Hitesh Kara,21,
1713,Saanvi Bhatt,5,
1714,Warinder Goswami,11,
1715,Kiaan Magar,3,
1716,Owen Batra,17,
1717,Fiyaz Mand,16,
1718,Jagdish Kari,7,
1719,Maanas Bedi,12,
1720,Eshana Kuruvilla,4,
1721,Harsh Prasad,2,
1722,Vihaan Bora,24,
1723,Ekaja Goyal,18,
1724,Champak Chaudhuri,4,
1725,Radha Sahota,17,
1726,Chanchal Kumar,5,
1727,Aarini Dutta,8,
1728,Yashasvi Sanghvi,16,
1729,Aishani Shenoy,10,
1730,Bahadurjit Kulkarni,14,
1731,Bhavani Agate,18,
1732,Leela Dass,15,
1733,Nimrat Jani,0,
1734,Eiravati Shroff,14,
1735,Saksham Viswanathan,20,
1736,Shaurya Choudhury,4,
1737,Nathaniel Dubey,19,
1738,Eshana Soni,4,
1739,Barkha Hayre,15,
1740,Ria Aggarwal,7,
1741,Nimrat Banik,23,
1742,Nitara Nori,5,
1743,Pratyush Bora,11,
1744,Jairaj Tella,3,
1745,Lekha Char,15,
1746,Harita Palan,10,
1747,Ojasvi Balan,12,
1748,Kashish Bakshi,19,
1749,Neel Pingle,14,
1750,Naveen Kapur,20,
1751,Forum Saraf,4,
1752,Vihaan Aurora,12,
1753,Oscar Dass,1,
1754,Karan Vaidya,11,
1755,Daksh Agrawal,5,
1756,Gautami Kurian,22,
1757,George Wagle,2,
1758,Arya Rau,9,
1759,Yamini Chokshi,19,
1760,Kiaan Jhaveri,24,
1761,Alexander Sha,3,
1762,Jai Bhattacharyya,9,
1763,Azad Sama,6,
1764,Janya Lal,17,
1765,Barkha Sandal,20,
1766,Chasmum Chaudhuri,21,
1767,Raksha Bahri,13,
1768,Rayaan Char,17,
1769,Samaksh Upadhyay,0,
1770,Ojasvi Kant,24,
1771,Kritika Chopra,22,
1772,Maanav Sahota,23,
1773,Saumya Sachdeva,20,
1774,Bakhshi Chad,20,
1775,Charles Chanda,16,
1776,Shaurya Dutt,2,
1777,Pranit Bhasin,14,
1778,Eiravati Wadhwa,13,
1779,Aradhana Bora,6,
1780,Anya Munshi,9,
1781,Nicholas Misra,24,
1782,Jacob Saxena,7,
1783,Yahvi Radhakrishnan,10,
1784,Theodore Bhatt,4,
1785,Garima Prabhu,2,
1786,Krisha Kade,24,
1787,Ayush Raj,19,
1788,Amrita Padmanabhan,8,
1789,Yash Shroff,18,
1790,Agastya Iyengar,6,
1791,Yuvraj Thaman,0,
1792,Thomas Pradhan,9,
1793,Ekanta Palla,11,
1794,Ranbir Sharaf,14,
1795,Aditya Randhawa,20,
1796,Nitesh Arya,24,
1797,Ria Koshy,24,
1798,Zaitra Viswanathan,21,
1799,Balhaar Ray,10,
1800,Alka Dash,5,
1801,Ekansh Desai,2,
1802,Radha Bajwa,8,
1803,Ekaraj Kale,16,
1804,Aarav Swamy,22,
1805,Sudiksha Nazareth,18,
1806,Ijaya Naidu,1,
1807,Eesha Mistry,20,
1808,Brijesh Acharya,4,
1809,Simon Iyer,17,
1810,Saksham Bali,11,
1811,Dipta Mand,23,
1812,Ganga Thakkar,14,
1813,Rachita Subramaniam,13,
1814,Xiti Yohannan,1,
1815,Aishani Maharaj,23,
1816,Vasudha Sachdeva,21,
1817,Ati Datta,9,
1818,Caleb Swamy,19,
1819,Jhalak Deshmukh,2,
1820,Udant Tank,8,
1821,Yutika Rama,14,
1822,Devansh Kulkarni,21,
1823,Ansh Nayar,20,
1824,Sara Pingle,2,
1825,Atharv Kurian,18,
1826,Pushti Jain,5,
1827,Amaira Parmar,19,
1828,Udyati Badami,3,
1829,Aadhya Mohan,10,
1830,Vincent Guha,7,
1831,Oliver Prashad,17,
1832,Yutika Mody,21,
1833,Avni Ramakrishnan,12,
1834,Samaksh Sankaran,14,
1835,Ikbal Morar,15,
1836,Dayamai Bains,24,
1837,Ishaan Choudhary,2,
1838,Yashawini Bora,4,
1839,Zehaan Chandra,6,
1840,Ekavir Chandra,0,
1841,Arjun Ramachandran,7,
1842,Manthan Ramaswamy,5,
1843,Amol Sant,3,
1844,Vihaan Vora,10,
1845,Kevin Maharaj,5,
1846,Tanish D’Alia,17,
1847,Upkaar More,19,
1848,Vritti Ranganathan,23,
1849,Finn Divan,19,
1850,Aadhya Manne,20,
1851,Om Bhardwaj,1,
1852,Vritti Sharma,18,
1853,Ishwar Chokshi,18,
1854,Harini Balasubramanian,17,
1855,Aadi Bhatnagar,23,
1856,Fariq Cheema,10,
1857,Omya Bali,2,
1858,Azad Chaudhry,10,
1859,Tripti Gole,0,
1860,Manbir Bhat,1,
1861,Unnati Deol,23,
1862,Ikshita Gopal,0,
1863,Laban Aggarwal,0,
1864,Jonathan Bhardwaj,12,
1865,Panini Manda,0,
1866,Aarav Dhingra,9,
1867,Osha Seth,12,
1868,Charvi Hari,7,
1869,Hardik Agrawal,21,
1870,Bahadurjit Sankar,6,
1871,Xiti Salvi,19,
1872,Lohit De,11,
1873,Pranit Minhas,7,
1874,Ria Baral,12,
1875,Keya Chaudry,1,
1876,Liam Nayak,8,
1877,Luke Luthra,19,
1878,Qasim Din,16,
1879,Rajata Kuruvilla,17,
1880,Jagrati Mahajan,23,
1881,Luke Chahal,15,
1882,Aradhana Hans,8,
1883,Indali Johal,4,
1884,Osha Kanda,19,
1885,Nimrat Singh,15,
1886,Amruta Kurian,12,
1887,Unni Lad,22,
1888,Rohan Mallick,1,
1889,Simon Master,22,
1890,Dayamai Sehgal,11,
1891,Chavvi Sankaran,8,
1892,Hamsini Bobal,1,
1893,Urvi Borde,11,
1894,Naksh Kalita,23,
1895,Charita Kanda,21,
1896,Arunima Ranganathan,5,
1897,Gaurangi Dhar,12,
1898,Ishwar Acharya,15,
1899,Jeevika Pau,19,
1900,Aarna Reddy,24,
1901,Suhani Dara,7,
1902,Hamsini Chaudhari,6,
1903,Qasim Dada,14,
1904,Forum Sastry,4,
1905,Samesh Korpal,20,
1906,Jyoti Bajaj,17,
1907,Indira Narayan,20,
1908,Aradhana Badal,18,
1909,Qushi Bali,12,
1910,Yadavi Vasa,22,
1911,Urmi Reddy,24,
1912,Pratyush Lanka,15,
1913,Nikita Magar,12,
1914,Megha Balakrishnan,13,
1915,Darsh Handa,15,
1916,Dalbir Char,21,
1917,Bhavini Badal,11,
1918,Siya Hayer,11,
1919,Tanish Sarkar,10,
1920,Yug Sachdeva,22,
1921,Utkarsh Gera,22,
1922,Turvi Kanda,6,
1923,Ekantika Sibal,3,
1924,Pavani Cherian,5,
1925,Ikshita Chand,22,
1926,Vasudha Kota,13,
1927,Viraj Mander,13,
1928,Charan Sant,11,
1929,Patrick Mann,14,
1930,Suhani Deol,10,
1931,Vasatika Thaker,3,
1932,Dayita Patla,24,
1933,Sarthak Sur,10,
1934,Aarini Sahota,24,
1935,Wyatt Kota,11,
1936,Zayyan Sandal,19,
1937,Girish Toor,7,
1938,Sneha Sanghvi,23,
1939,Tanveer Sridhar,17,
1940,Kabir Dhillon,5,
1941,Riya Balay,8,
1942,Vihaan Aggarwal,23,
1943,Gauri Parsa,16,
1944,Indrajit Dave,4,
1945,Megha Rao,15,
1946,Yoshita Raju,12,
1947,Falguni Kata,12,
1948,Qarin Roy,20,
1949,Chakradhar Rau,8,
1950,Charan Ravi,1,
1951,Isha Dyal,20,
1952,Krish Magar,15,
1953,Urvi Wason,0,
1954,Lakshmi Dixit,7,
1955,Ekaja Lanka,23,
1956,Mugdha Prakash,1,
1957,Chakrika Iyer,9,
1958,Girish Bose,12,
1959,Unnati Agate,0,
1960,Qarin Bansal,2,
1961,Charles Peri,8,
1962,Ojasvi Ahluwalia,22,
1963,Jeet Mukherjee,22,
1964,Isha Rajagopal,3,
1965,Nachiket Dara,4,
1966,Garima Cherian,22,
1967,Vaishnavi Sama,1,
1968,Wridesh Wable,14,
1969,Azaan Dar,2,
1970,Tejas Bava,18,
1971,Harshil Misra,10,
1972,Sarthak Sridhar,6,
1973,Arjun Dara,6,
1974,Osha Gupta,21,
1975,Megha Bala,16,
1976,Kashish Narayan,14,
1977,Oni Dayal,7,
1978,Ronith Narang,9,
1979,Tanay Mahajan,14,
1980,Rajata Ratta,19,
1981,Kevin Borra,23,
1982,Nandini Kannan,6,
1983,Jeremiah Prakash,16,
1984,Noah Brahmbhatt,22,
1985,Urishilla Palla,19,
1986,Ojasvi Bedi,20,
1987,Jagrati Keer,12,
1988,Pranit Raj,5,
1989,Tanish Sabharwal,4,
1990,Zehaan Sachdev,15,
1991,Arjun Joshi,1,
1992,Frado Dora,23,
1993,Hema Dayal,23,
1994,Udyati Peri,4,
1995,Pratyush Chacko,4,
1996,Neel Bhagat,11,
1997,Charan Sandal,22,
1998,Utkarsh Sheth,17,
1999,Saanvi Sankar,20,
2000,Kalpit Kohli,0,
2001,Raksha Arya,12,
2002,Unnati Date,19,
2003,Bhanumati Chauhan,11,
2004,Omisha Sarin,7,
2005,Kevin Gara,0,
2006,Kala Sangha,14,
2007,Logan Nanda,9,
2008,Radha Arora,0,
2009,Libni Bawa,13,
2010,Sathvik Nair,12,
2011,Urmi Apte,19,
2012,Elijah Sachdeva,9,
2013,Owen Sur,4,
2014,Daksh Dhillon,8,
2015,Leena Mitra,13,
2016,Hemangini Mahal,20,
2017,Kalpit Ratta,0,
2018,Ekta Kari,14,
2019,Jagvi Lal,18,
2020,Lila Kibe,19,
2021,Warhi Ben,6,
2022,Victor Chandra,17,
2023,Eshana Sastry,3,
2024,Unnati Pingle,23,
2025,Upma Sachdev,20,
2026,Jai Sachar,5,
2027,Vaishnavi Rama,2,
2028,Neelima Sundaram,3,
2029,Ekalinga Bhasin,24,
2030,Lucky Deol,1,
2031,Elijah Anne,2,
2032,Rushil Sem,17,
2033,Priya Srinivas,1,
2034,Ishanvi Kumer,24,
2035,Edhitha Ram,7,
2036,Damyanti Hora,6,
2037,Tristan Apte,8,
2038,Jack Bhatt,23,
2039,Damyanti Mane,8,
2040,Ayushman Nair,1,
2041,Aradhana Singh,6,
2042,Azaan Bhavsar,24,
2043,Vasudha Basu,12,
2044,Shivansh Kapur,24,
2045,Farhan Contractor,7,
2046,Chameli Sidhu,0,
2047,Ria Amble,2,
2048,Gunbir Dani,7,
2049,Pavani Parekh,18,
2050,Ira Andra,3,
2051,Zehaan Tank,9,
2052,Tejas Dugar,17,
2053,Nitara Pandit,18,
2054,Mahika Gola,20,
2055,Warinder Sekhon,11,
2056,Yoshita Bhattacharyya,10,
2057,Laban Biswas,5,
2058,Isaac Bose,5,
2059,Jagat Khurana,22,
2060,Kritika Sanghvi,7,
2061,Anthony Sagar,21,
2062,Eta Anand,9,
2063,Janaki Borra,21,
2064,Urvi Dyal,1,
2065,Avi Shankar,12,
2066,Zayan Bandi,18,
2067,Guneet Setty,21,
2068,Balvan Srivastava,21,
2069,Reyansh Toor,5,
2070,Mitesh Parmer,3,
2071,Inaya Sandhu,10,
2072,Zashil Anne,17,
2073,Harrison Mangal,23,
2074,Laksh Bora,1,
2075,Harsh Ben,2,
2076,Joshua Iyengar,16,
2077,Gautam Bala,8,
2078,Jairaj Shanker,18,
2079,Rudra Chakrabarti,17,
2080,Meera Dasgupta,5,
2081,Lopa Toor,23,
2082,Theodore Malhotra,3,
2083,Ria Tak,16,
2084,Libni Dugar,22,
2085,Devika Krish,18,
2086,Faraj Natt,20,
2087,Tanvi Thakkar,10,
2088,Maya Varma,17,
2089,Michael Nayak,23,
2090,Indali Mukhopadhyay,15,
2091,Balveer Konda,18,
2092,Indali Chandran,8,
2093,Advaith Chander,16,
2094,Urvi Badami,15,
2095,Vasatika Ravi,5,
2096,Rachit Parmar,18,
2097,Ranbir Prakash,3,
2098,Inaya Dhaliwal,10,
2099,Barkha Kadakia,19,
2100,Lila Chawla,14,
2101,Tanmayi Goda,23,
2102,Dhriti Ravi,8,
2103,Nachiket Sarna,20,
2104,Hemal Loke,10,
2105,Tanish Arya,9,
2106,Chandran Malhotra,9,
2107,Mitesh Contractor,18,
2108,Faras Vyas,24,
2109,Siya Singh,0,
2110,Imaran Oommen,16,
2111,Hritik Palla,18,
2112,Gautam Shan,17,
2113,Praneel Dugar,23,
2114,Kashish Som,20,
2115,Gauri Sarin,16,
2116,Gavin Ratta,18,
2117,Akshay Pandit,2,
2118,Deepa Amble,12,
2119,Barkha Devi,1,
2120,Jagvi Gole,8,
2121,Ijaya Agate,12,
2122,Advika Seshadri,0,
2123,Saumya Khosla,9,
2124,Kala Jain,20,
2125,Isaac Ray,24,
2126,Guneet Hegde,2,
2127,Upadhriti Bhardwaj,9,
2128,Orinder Bala,18,
2129,Teerth Gokhale,6,
2130,Isha Chakrabarti,16,
2131,Banjeet Bajwa,24,
2132,Joshua Oak,22,
2133,Udant Lall,11,
2134,Urvashi Dubey,7,
2135,Aradhana Ganesh,17,
2136,Atharv Dube,2,
2137,Raksha Agarwal,24,
2138,Ekantika Kale,3,
2139,Bhavini Maharaj,20,
2140,Tamanna Date,24,
2141,Mitali Pant,7,
2142,Garima Venkatesh,4,
2143,Kavya Barad,10,
2144,Wakeeta Shenoy,1,
2145,Wriddhish Gade,18,
2146,Rayaan Nadkarni,2,
2147,Praneel Mani,11,
2148,Lekha Sankaran,6,
2149,Pahal Salvi,5,
2150,Ekiya Arya,22,
2151,Balvan Bali,7,
2152,Gabriel Sant,4,
2153,Harinakshi Mani,12,
2154,Janani Nagarajan,12,
2155,Ojas Chatterjee,21,
2156,Lila Barad,0,
2157,Krishna Toor,13,
2158,Vidhi Hari,3,
2159,Dominic Kata,21,
2160,Nidra Sundaram,19,
2161,Faras Roy,0,
2162,Aarav Vyas,13,
2163,Wishi Viswanathan,18,
2164,Shravya Patil,18,
2165,Rachita Naik,2,
2166,Quincy Shanker,19,
2167,Pranit Borah,10,
2168,Benjamin Pradhan,8,
2169,Zayan Sen,24,
2170,Chaitaly Dutt,23,
2171,Neel Krishnan,18,
2172,Vrishti Chaudhary,1,
2173,Fariq Panchal,12,
2174,Matthew Varma,2,
2175,Jagdish Nayar,10,
2176,Yashvi Dubey,13,
2177,Naksh Nadkarni,14,
2178,Arjun Bansal,4,
2179,Ishanvi Vaidya,6,
2180,Gaurika Lad,1,
2181,Arin Karpe,5,
2182,Dev Pant,10,
2183,Jagrati Jain,1,
2184,Rudra Randhawa,12,
2185,Finn Aggarwal,0,
2186,Alexander Grover,2,
2187,Gopal Kale,19,
2188,Megha Varughese,1,
2189,Damini Shanker,18,
2190,Dalbir Brahmbhatt,21,
2191,Yachana Mannan,8,
2192,Gunbir Kala,17,
2193,Onveer Kant,22,
2194,Jack Bhattacharyya,0,
2195,Zinal Rajan,19,
2196,Watika Babu,13,
2197,Balveer Khurana,13,
2198,Omaja Nair,17,
2199,Girish Korpal,12,
2200,Bhavini Dugar,3,
2201,Yash Suri,17,
2202,Shravya Narayanan,18,
2203,Balhaar Gupta,23,
2204,Jalsa Kata,3,
2205,Tanveer Halder,5,
2206,Naveen Kara,11,
2207,George Pal,8,
2208,Amaira Naidu,12,
2209,Oliver Tella,23,
2210,Balendra Choudhary,13,
2211,Bishakha Majumdar,14,
2212,Yamini Joshi,13,
2213,Jalsa Mukherjee,17,
2214,Waida Gill,1,
2215,Ayush Sengupta,2,
2216,Frederick Subramanian,17,
2217,Gagan Dube,18,
2218,David Gera,17,
2219,Girik Kashyap,14,
2220,Yasti Barman,21,
2221,Finn Dey,24,
2222,Daniel Bajwa,23,
2223,Rayaan Anand,5,
2224,Aditya Chana,3,
2225,Avi Raghavan,9,
2226,Warjas Ganesan,11,
2227,Alexander Ganesh,4,
2228,Tarak Wadhwa,19,
2229,Nathaniel Bhakta,4,
2230,Vasana Mukhopadhyay,15,
2231,Zaitra Gaba,17,
2232,Januja Ganesan,14,
2233,Idika Dugar,7,
2234,Unni Chaudry,0,
2235,Yachana Mander,8,
2236,Pratyush Puri,11,
2237,Ishani Sheth,0,
2238,Chandresh Sengupta,4,
2239,Laban Kale,8,
2240,Anita Bhalla,0,
2241,Upkaar Soman,13,
2242,Ati Choudhry,16,
2243,Xavier Khatri,2,
2244,Yatan Acharya,15,
2245,Dipta Om,7,
2246,Amaira Pathak,18,
2247,Eiravati Gupta,14,
2248,Samuel Mital,1,
2249,Ojas Ahluwalia,5,
2250,Rachana Wadhwa,9,
2251,Widisha Dyal,20,
2252,Maya Bala,12,
2253,Akshay Jain,14,
2254,Udyati Wason,10,
2255,Chaitaly Tiwari,8,
2256,Megha Iyengar,13,
2257,Farhan Chakraborty,2,
2258,Mohini Halder,19,
2259,Jai Jaggi,15,
2260,Devansh Nazareth,7,
2261,Chaitaly Patla,10,
2262,Sachi Deol,1,
2263,Pushti Gara,4,
2264,Urvi Varma,11,
2265,Ishani Deol,8,
2266,Zayyan Cherian,10,
2267,Aarav Narula,15,
2268,Pavani Khosla,24,
2269,Amrita Dada,9,
2270,Qadim Balay,24,
2271,Aishani Rai,10,
2272,Leena Choudhury,0,
2273,Isaiah Cheema,0,
2274,Qabil Krishnan,0,
2275,Arjun Rout,23,
2276,Idika Kuruvilla,19,
2277,Qadim Chandra,14,
2278,Upma Choudhury,8,
2279,Pallavi Patla,5,
2280,Luke Pingle,18,
2281,Saumya Pradhan,7,
2282,Aayush Tella,16,
2283,Panini Bora,11,
2284,Bhanumati Parmer,1,
2285,Qadim Krish,7,
2286,Aryan Nagy,0,
2287,Girish Kashyap,12,
2288,Dhriti Kota,10,
2289,Shravya Seth,20,
2290,Advay Deep,18,
2291,Ishaan Hari,1,
2292,Dev Sibal,19,
2293,Rachita Aggarwal,17,
2294,Balvan Butala,20,
2295,Patrick Gade,23,
2296,Sarthak Bala,3,
2297,Ladli Buch,6,
2298,Damini Keer,4,
2299,Ekavir Radhakrishnan,8,
2300,Veda Chakraborty,12,
2301,Bishakha Naidu,17,
2302,Anirudh Krishnamurthy,14,
2303,Jackson Trivedi,17,
2304,Oeshi Verma,0,
2305,Max Karpe,3,
2306,Dhriti Walla,12,
2307,Vrishti Gandhi,13,
2308,Chavvi Randhawa,7,
2309,Vanya Dhingra,20,
2310,Dayamai Bumb,4,
2311,Agastya Hora,19,
2312,Ayaan Mukherjee,6,
2313,Qadim Madan,23,
2314,Ishita Bora,8,
2315,Aachal Nadkarni,5,
2316,Gagan Bhardwaj,11,
2317,Wazir Kalla,24,
2318,Luke Dhaliwal,10,
2319,Ojas Setty,14,
2320,Guneet Dutta,16,
2321,Lila Chauhan,2,
2322,Falan Kapoor,16,
2323,Gaurika Dave,20,
2324,Warjas Cherian,7,
2325,Hardik Randhawa,21,
2326,Ekanta Mani,11,
2327,Dhruv Chauhan,12,
2328,Advika Trivedi,11,
2329,Benjamin Krishna,4,
2330,Ekaraj Dugal,0,
2331,Netra Minhas,16,
2332,Advay Pal,4,
2333,Balhaar Grewal,20,
2334,David Bal,7,
2335,Nitesh Thakkar,1,
2336,Zilmil Borde,22,
2337,Aachal Chad,4,
2338,Bakhshi Andra,13,
2339,Girik Palan,1,
2340,Suhani Banerjee,20,
2341,Girindra Salvi,11,
2342,Chakradev Handa,24,
2343,Hemangini Chawla,13,
2344,Henry Dugal,4,
2345,Eiravati Bora,20,
2346,Bahadurjit Vasa,17,
2347,Vritti Pandey,24,
2348,Tanay Sachar,17,
2349,Harsh Bhat,15,
2350,Pallavi Ray,4,
2351,Geetika Andra,1,
2352,Aradhana Ganesh,17,
2353,Caleb Roy,21,
2354,Zehaan Sama,2,
2355,Hemal Toor,8,
2356,Abeer Ravi,5,
2357,Yashawini Raju,17,
2358,Oviya Dhar,0,
2359,Vedant Randhawa,17,
2360,Vedika Bahl,21,
2361,Upasna Khare,1,
2362,Oviya Srinivasan,22,
2363,Geetika Nori,22,
2364,Harita Oza,16,
2365,Advika Patel,11,
2366,Wridesh Baral,21,
2367,Tara Hayre,20,
2368,Charles Maharaj,23,
2369,Samarth Kaul,23,
2370,Samaksh Sama,24,
2371,Lakshit Dalal,1,
2372,Arunima Viswanathan,0,
2373,Anya Mammen,9,
2374,Dalaja Ganesan,21,
2375,Tristan Hayre,1,
2376,Matthew Bhagat,4,
2377,Ikbal Balakrishnan,16,
2378,Bakhshi Chand,0,
2379,Reva Parmer,13,
2380,Nihal Bhandari,20,
2381,Yashasvi Kar,5,
2382,Bhavani Mane,10,
2383,Aashi Comar,6,
2384,Amrita Pau,19,
2385,Bishakha Natt,19,
2386,Dhruv Shah,20,
2387,Aarav Sampath,21,
2388,Nidra Sarkar,23,
2389,Frederick Kamdar,8,
2390,Krisha Bajwa,22,
2391,Kritika Bala,2,
2392,Bishakha Shankar,5,
2393,Qadim Balay,8,
2394,Damini Nayak,5,
2395,Chaaya Shere,9,
2396,Rushil Mand,23,
2397,Libni Chokshi,7,
2398,Ishaan Deshmukh,19,
2399,Kala Randhawa,15,
2400,Kai Vasa,6,
2401,Lakshit Tella,22,
2402,Daksh Varty,22,
2403,Nisha Goyal,23,
2404,Gunbir Dube,17,
2405,Ijaya Thaman,17,
2406,Upma Ram,14,
2407,Dakshesh Solanki,21,
2408,Nakul Walla,5,
2409,Zayan Mukherjee,4,
2410,Janaki Anne,17,
2411,Ekantika Mohanty,7,
2412,Lopa Sen,2,
2413,Geetika Vaidya,15,
2414,Gayathri Venkatesh,16,
2415,Qasim Kapoor,16,
2416,Wishi Reddy,11,
2417,Forum Thakur,22,
2418,Anay Rege,6,
2419,Gaurang Tata,21,
2420,Vaishnavi Naik,21,
2421,Ranveer Mohan,20,
2422,Indali Oak,5,
2423,Abhimanyu Chakrabarti,1,
2424,Anika Guha,4,
2425,Tanvi Dewan,1,
2426,Baghyawati Radhakrishnan,2,
2427,Jyoti Loyal,4,
2428,Harshil Wali,16,
2429,Fariq Choudhry,18,
2430,Tara Palla,9,
2431,Anita Madan,11,
2432,Jacob Varkey,21,
2433,Lajita Shah,17,
2434,Qasim Bhagat,18,
2435,Karan Shere,12,
2436,Riya Narang,24,
2437,Laksh Bhatnagar,7,
2438,Harrison Varughese,2,
2439,Imaran Dasgupta,22,
2440,Raghav Prasad,11,
2441,Leena Bath,3,
2442,Ladli Raman,13,
2443,Tristan Nayak,6,
2444,Sarthak Parmar,20,
2445,Zarna Suri,12,
2446,Nitara Bahl,11,
2447,Vedant Bora,14,
2448,Warda Kapadia,1,
2449,Gaurangi Chowdhury,21,
2450,Jagat Gour,0,
2451,Girish Uppal,5,
2452,Yahvi Taneja,0,
2453,Abhiram Natarajan,18,
2454,Udarsh Vaidya,9,
2455,Hritik Jayaraman,22,
2456,Laksh Nazareth,13,
2457,Yochana Hari,1,
2458,Jagrati Bali,8,
2459,Wriddhish Barad,2,
2460,Tarak Padmanabhan,18,
2461,Panini Bala,13,
2462,Aadhya Panchal,15,
2463,Alexander Bawa,6,
2464,Yashica Sachdev,0,
2465,Ronith Kaur,4,
2466,Azaan Khatri,2,
2467,Parth Dube,16,
2468,Edhitha Jaggi,22,
2469,Jasmit Rajan,13,
2470,Ishani Dey,15,
2471,Zaitra Warrior,6,
2472,Yoshita Sinha,8,
2473,Bishakha Solanki,6,
2474,Barkha Ganguly,14,
2475,Aahana Kapadia,19,
2476,Amara Tailor,2,
2477,Yashoda Varughese,21,
2478,Edhitha Hegde,15,
2479,Advik Agate,21,
2480,Bachittar Rout,17,
2481,Tanay Kata,6,
2482,Lakshit Batta,16,
2483,Siya Kant,24,
2484,Charles Mital,17,
2485,Qushi Keer,2,
2486,Amaira Kara,21,
2487,Mahika More,10,
2488,Advaith Vora,22,
2489,Finn Chopra,13,
2490,Wridesh Handa,16,
2491,Triveni Sarin,18,
2492,Bimala Mitra,21,
2493,Harinakshi Dugar,19,
2494,Vasatika Chana,4,
2495,Yahvi Boase,2,
2496,Zayyan Parmar,15,
2497,Vasatika Kant,23,
2498,Jagdish Sunder,0,
2499,Warhi Varma,10,
2500,Yamini Apte,9,
2501,Yauvani Mangat,6,
2502,Gabriel Padmanabhan,15,
2503,Aarna Din,1,
2504,Hardik Kurian,7,
2505,Shravya Parikh,14,
2506,Nirja Dugar,15,
2507,Yadavi Dada,2,
2508,Upadhriti Shukla,19,
2509,Omkaar Parmer,1,
2510,Tanvi Pant,14,
2511,Charita Wason,13,
2512,Pushti Baral,20,
2513,Nakul Shere,8,
2514,Joshua Sarma,3,
2515,Madhavi Devan,22,
2516,Qushi Jaggi,7,
2517,Divya Rai,9,
2518,Benjamin Sethi,16,
2519,Aditya Om,5,
2520,Jagdish Balakrishnan,4,
2521,Chakradev Varkey,9,
2522,Qabil Sangha,16,
2523,Girik Sami,15,
2524,Rachana Din,24,
2525,Suhani Merchant,22,
2526,Libni Shah,16,
2527,Nachiket Misra,17,
2528,Aarna Chakraborty,19,
2529,Yashvi Nagar,8,
2530,Janani Lad,10,
2531,Zarna Walla,1,
2532,Aditya Narasimhan,13,
2533,Harini Gola,14,
2534,Aarav Kulkarni,0,
2535,Aarush Ramanathan,0,
2536,Darika Devan,8,
2537,Yoshita Mital,11,
2538,Logan Pradhan,16,
2539,Tamanna Uppal,14,
2540,Christopher Sawhney,3,
2541,Dhriti Saha,4,
2542,Damini Saha,13,
2543,Ria Konda,5,
2544,Vrishti Trivedi,5,
2545,Jagdish Saraf,18,
2546,Eiravati Chandra,22,
2547,Ethan Majumdar,23,
2548,Balhaar Seshadri,0,
2549,Bhavini De,8,
2550,Ijaya Rajagopalan,21,
2551,Jhalak Gaba,0,
2552,Jeremiah Barad,24,
2553,Amara Date,3,
2554,Yatin Kade,24,
2555,Agastya Butala,15,
2556,Caleb Shan,4,
2557,Isaac Karan,15,
2558,Gaurangi Yogi,21,
2559,Avi Tak,13,
2560,Vrishti Kunda,8,
2561,Dakshesh Raja,13,
2562,Diya Sarna,15,
2563,Patrick Biswas,5,
2564,Ikshita Subramaniam,16,
2565,Chanakya Dhar,0,
2566,Ethan Palla,17,
2567,Patrick Sahota,10,
2568,Ryan Rajagopal,10,
2569,Lopa Taneja,11,
2570,Tara Viswanathan,1,
2571,Jhalak Bhatnagar,15,
2572,Chanakya Grover,21,
2573,Vamakshi Brahmbhatt,9,
2574,Anusha Prasad,20,
2575,Naveen Talwar,13,
2576,Yashasvi Boase,6,
2577,Shivansh Kulkarni,7,
2578,William Trivedi,9,
2579,Thomas Pandey,9,
2580,Deepa Desai,9,
2581,Zaid Dixit,13,
2582,Jagdish Minhas,18,
2583,Charan Choudhry,8,
2584,Brinda Nagarajan,16,
2585,Rushil Bassi,18,
2586,Aahana Sridhar,1,
2587,Ishita Rai,14,
2588,Darika Kurian,5,
2589,Nikita Sarin,15,
2590,Liam Nadkarni,16,
2591,Gautami Bandi,23,
2592,Bhavya Bajwa,9,
2593,Amrita Chandran,11,
2594,Vinaya Hegde,11,
2595,Urishilla Mahajan,18,
2596,Faraj Dugar,5,
2597,Elijah Badami,1,
2598,Ekansh Tripathi,20,
2599,Vyanjana Mital,17,
2600,Veer Datta,6,
2601,Akshay Srinivasan,4,
2602,Jason Mody,23,
2603,Ishwar Chakraborty,21,
2604,Aayush Varty,7,
2605,Irya Kalita,11,
2606,Kashish Mohanty,24,
2607,Andrew Kunda,22,
2608,Mohammed Chada,0,
2609,Sachi Prashad,24,
2610,Zayyan Nadig,14,
2611,Prisha Lad,12,
2612,Zansi Wali,24,
2613,Warhi Raja,9,
2614,Robert Randhawa,17,
2615,Mitesh Bava,17,
2616,Deepa Nagar,6,
2617,Fariq Sem,14,
2618,Nachiket Sangha,4,
2619,Falak Thakur,4,
2620,Janani Pathak,0,
2621,Mason Bal,5,
2622,Farhan Nigam,15,
2623,Rachana Bath,7,
2624,Mahika Gaba,3,
2625,Chandresh Maharaj,12,
2626,Anjali Ranganathan,18,
2627,Bhavini Vig,9,
2628,Chaman Bahl,16,
2629,Dayamai Singhal,19,
2630,Sanya Lalla,17,
2631,Mitesh Dhar,4,
2632,Arunima Apte,11,
2633,Indrajit Mishra,0,
2634,Aayush Apte,24,
2635,Fariq Mall,24,
2636,Ansh Nagi,20,
2637,Unni Banerjee,0,
2638,Mitesh Radhakrishnan,2,
2639,Anvi Hegde,6,
2640,Pooja Garde,20,
2641,Waida Soman,10,
2642,Tamanna Ramakrishnan,24,
2643,Liam Minhas,19,
2644,Reyansh Dube,20,
2645,Owen Garg,14,
2646,Noah Om,2,
2647,Gautam Manda,7,
2648,Victor Acharya,2,
2649,Darpan Lanka,21,
2650,Neel Krishnamurthy,22,
2651,Jhalak Bhatnagar,12,
2652,Tara Iyer,1,
2653,Anthony Mangal,22,
2654,Amaira Kata,2,
2655,Dhriti Natt,18,
2656,Lakshit Atwal,14,
2657,Harinakshi Yohannan,20,
2658,Ojasvi Biswas,14,
2659,Benjamin Borra,19,
2660,Manthan Seshadri,6,
2661,Vasatika Padmanabhan,2,
2662,Maya Koshy,24,
2663,Girik Kunda,16,
2664,Maanav Ravel,1,
2665,Saksham Kalita,15,
2666,Vedhika Om,10,
2667,Ridhi Gole,8,
2668,Orinder Chandran,10,
2669,Yadavi Trivedi,23,
2670,Chakrika Koshy,22,
2671,Chaitanya Rastogi,24,
2672,Charles Peri,4,
2673,Yagnesh Narayan,12,
2674,Garima Kakar,18,
2675,Bishakha Desai,12,
2676,Manthan Sundaram,1,
2677,Victor Nigam,21,
2678,Vaishnavi Subramaniam,1,
2679,Unni Nadig,7,
2680,Vincent Chada,4,
2681,Chakradhar Date,10,
2682,Vincent Gopal,1,
2683,Fariq Kumar,5,
2684,Jai Pal,21,
2685,Tarak Raman,23,
2686,Ladli Subramanian,11,
2687,Suhani Kade,5,
2688,Kiaan Rao,15,
2689,Shivani Sinha,18,
2690,Chatresh Kalita,23,
2691,Chatura Goswami,17,
2692,Hema Pandya,8,
2693,Odika Nanda,21,
2694,Hamsini Bhavsar,16,
2695,Bhavna Malhotra,19,
2696,Anita Karpe,16,
2697,Indali Boase,2,
2698,Gaurav Sibal,14,
2699,Yoshita Golla,9,
2700,Madhavi Babu,21,
2701,Mugdha Anne,18,
2702,Jairaj Jha,4,
2703,Turvi Vig,23,
2704,Madhav Rama,23,
2705,Naksh Goel,12,
2706,Chanakya Taneja,24,
2707,Samuel Wali,3,
2708,Ishanvi Dyal,13,
2709,Pavani Lad,20,
2710,Oviya Memon,19,
2711,Ekapad Sehgal,6,
2712,Charvi Kulkarni,24,
2713,Zehaan Pandya,5,
2714,Ira Dave,10,
2715,Krisha Bhat,10,
2716,Ekanta Dhar,17,
2717,Aachal Subramanian,6,
2718,Priya Palla,18,
2719,Hiral Baria,23,
2720,Bhavna Magar,2,
2721,Aarav Khosla,8,
2722,Urvashi Sura,13,
2723,Arya Sarna,16,
2724,Peter Jayaraman,21,
2725,Luke Raman,22,
2726,Darpan Sharaf,2,
2727,Samarth Bansal,5,
2728,Aditya Sundaram,10,
2729,Nilima Padmanabhan,12,
2730,Advika Sane,13,
2731,Balendra Sawhney,2,
2732,Vihaan Balasubramanian,8,
2733,Yamini Chadha,5,
2734,Gaurika Pandit,10,
2735,Anya Krishnamurthy,7,
2736,Tanish Kota,19,
2737,Januja Ramakrishnan,7,
2738,Girindra Varkey,20,
2739,Gauri Balasubramanian,14,
2740,Gayathri Devan,14,
2741,Eta Chand,7,
2742,Ishanvi Sura,12,
2743,Waida Kannan,14,
2744,Ishwar Kapoor,15,
2745,Tanmayi Shah,1,
2746,Darsh Bath,2,
2747,Lopa Parsa,15,
2748,Gavin Choudhary,9,
2749,Dominic Thakur,19,
2750,Jeremiah Acharya,0,
2751,Siddharth Dayal,4,
2752,Vrishti Sem,2,
2753,Rayaan Chandran,6,
2754,Nidhi Kota,17,
2755,Gagan Zachariah,13,
2756,Zansi Nagy,13,
2757,Falan Krishnamurthy,13,
2758,Guneet Loke,0,
2759,Noah Mukhopadhyay,17,
2760,Daniel Srinivas,2,
2761,Aadhya Sunder,20,
2762,Sneha Sani,21,
2763,Chanakya Chaudhuri,23,
2764,Bimala Kannan,12,
2765,Vedant Dave,19,
2766,Varsha Sidhu,14,
2767,Ranveer Prakash,19,
2768,Upma Dutt,17,
2769,Ucchal Bal,2,
2770,Kevin Aurora,18,
2771,Anita Ramanathan,14,
2772,David Chatterjee,17,
2773,Champak Sandal,0,
2774,Shravya Saini,17,
2775,Sachi Dugar,4,
2776,Kevin Chanda,23,
2777,William Gara,20,
2778,Kashvi Narain,11,
2779,Kashvi Choudhury,18,
2780,Gabriel Ray,22,
2781,Rachit Sami,19,
2782,Gayathri Srivastava,22,
2783,Chandani Konda,23,
2784,Logan Mitra,18,
2785,Krisha Korpal,0,
2786,Avni Thakur,23,
2787,Kai Prabhakar,21,
2788,Xavier Sagar,2,
2789,Netra Sama,24,
2790,Maanav Roy,0,
2791,Idika Walia,23,
2792,Jack Sur,24,
2793,Jack Bali,16,
2794,George Golla,8,
2795,Viraj Walla,4,
2796,Sneha Batra,4,
2797,Bhanumati Nayar,10,
2798,Bhavya Balan,20,
2799,Anay Khare,16,
2800,Imaran Dara,15,
2801,Nachiket Bal,4,
2802,Vasudha Khanna,11,
2803,Charan Arora,13,
2804,Ucchal Sur,9,
2805,Abeer Saraf,12,
2806,Atharv Bora,14,
2807,Raghav Savant,5,
2808,Bhavani Bali,4,
2809,Aachal Khurana,15,
2810,Hiral Biswas,5,
2811,Elijah Mishra,24,
2812,Brijesh Rastogi,22,
2813,Rachita Prasad,10,
2814,Vinaya Dara,20,
2815,Chatresh Sahni,8,
2816,Daniel Nigam,20,
2817,Pranit Nagarajan,4,
2818,Zansi Chaudhuri,10,
2819,Agastya Bhat,5,
2820,Kashvi Taneja,23,
2821,Vedant Bora,16,
2822,Ekantika Kothari,8,
2823,Meera Parmer,7,
2824,Triya Dugal,6,
2825,Thomas Venkatesh,4,
2826,Chaman Khare,16,
2827,Odika Dugal,22,
2828,Qadim Batra,8,
2829,Dakshesh Narasimhan,18,
2830,Neelima Bassi,11,
2831,Ekapad Yohannan,7,
2832,Omaja Prasad,15,
2833,Yug Pau,13,
2834,Warda Shenoy,13,
2835,Gopal Varughese,18,
2836,Gayathri Bose,2,
2837,Varenya Wagle,6,
2838,Vedika Zacharia,5,
2839,Janani Sinha,4,
2840,Baghyawati Sethi,15,
2841,Wyatt Balakrishnan,10,
2842,Turvi Bhatti,22,
2843,Zilmil Pathak,24,
2844,Balveer Madan,0,
2845,Keya Hayre,9,
2846,Noah Zachariah,16,
2847,Kritika Prashad,20,
2848,Urvashi Walia,23,
2849,Ekansh Pandey,22,
2850,Radhika Garde,6,
2851,Deepa Gole,2,
2852,Rajata Tella,24,
2853,Lucky Sankar,4,
2854,Umang Contractor,11,
2855,Indali Oommen,9,
2856,Guneet Narayan,2,
2857,Pratyush Ghose,15,
2858,Kritika Gala,5,
2859,Pooja Brahmbhatt,15,
2860,Aayush Vasa,23,
2861,Jagvi Khosla,7,
2862,Chandani Bhatia,19,
2863,Keya Patil,19,
2864,Vasudha Peri,8,
2865,Mohini Acharya,12,
2866,Divya Sem,1,
2867,Devika Pathak,8,
2868,Yashodhara Mody,12,
2869,Vrinda Ghosh,13,
2870,Manthan Bhagat,23,
2871,Ishwar Nadkarni,12,
2872,Zashil Balakrishnan,18,
2873,Lakshmi Subramaniam,15,
2874,Gopal Prabhu,17,
2875,Anika Borra,15,
2876,Charan Srinivasan,1,
2877,Rachana Varma,0,
2878,Amrita Nath,9,
2879,Yatan Mohanty,24,
2880,Vaishnavi Pau,13,
2881,Chasmum Master,16,
2882,Dakshesh Balay,17,
2883,Yashawini Shere,6,
2884,Viraj Johal,20,
2885,Nicholas Konda,16,
2886,Zarna Korpal,3,
2887,Vritti Dugar,11,
2888,Gauri Rao,21,
2889,Idika Bir,7,
2890,Ekbal Deshmukh,1,
2891,Gabriel Sur,18,
2892,Pranav Mane,13,
2893,Caleb Shah,22,
2894,Charvi Mangat,16,
2895,Rudra Mani,22,
2896,Chandresh Wable,16,
2897,Victor Shroff,7,
2898,Nathaniel Amble,5,
2899,Sai Ghosh,9,
2900,Wishi Mitra,6,
2901,Udarsh Varty,1,
2902,Dipta Tailor,14,
2903,Lakshit Roy,21,
2904,Aryan Venkatesh,4,
2905,Vedika Krishnamurthy,2,
2906,Samaksh Anne,8,
2907,Pranav Karnik,4,
2908,Dhruv Raval,23,
2909,Dominic Sahni,19,
2910,Ryan Basak,5,
2911,Wridesh Hayre,3,
2912,Simon Ramakrishnan,3,
2913,Hemang Sinha,24,
2914,Rachit Rajagopalan,20,
2915,Dominic Shetty,16,
2916,Nidra Bhasin,14,
2917,Tamanna Badal,6,
2918,Yashvi Dar,18,
2919,Yashoda Gupta,10,
2920,Lopa Iyer,2,
2921,Eshana Garg,14,
2922,Jyoti Srinivas,21,
2923,Dhriti Sunder,18,
2924,Yutika Patil,16,
2925,Lipika Memon,5,
2926,Falan Cheema,22,
2927,Benjamin Rao,4,
2928,Chakradhar Doshi,12,
2929,Nilima Chaudhuri,16,
2930,Dalaja Karnik,1,
2931,Frado Balay,17,
2932,Zinal Sridhar,9,
2933,Keya Sen,23,
2934,Ronith Grover,7,
2935,Avi Barad,7,
2936,Barkha Vyas,17,
2937,Jeevika Dugar,11,
2938,Krishna Agarwal,20,
2939,Yauvani Choudhury,4,
2940,Teerth Shere,3,
2941,Maanav Mital,23,
2942,Imaran Issac,23,
2943,Kala Grewal,12,
2944,Azaan Patel,24,
2945,William Dugar,3,
2946,Charan Karpe,0,
2947,Amara Menon,10,
2948,Farhan Chakrabarti,8,
2949,Anay Walla,16,
2950,Yug Date,19,
2951,Krish Saran,10,
2952,Nikita Kota,9,
2953,Avni Pradhan,16,
2954,Chandran Vyas,2,
2955,Kala Doctor,18,
2956,Ubika Venkatesh,22,
2957,Jalsa Rama,2,
2958,Tarak Dass,5,
2959,Aishani Ramachandran,19,
2960,Samaksh Suri,5,
2961,Noah Taneja,24,
2962,Aayush Cheema,6,
2963,Leena Lanka,0,
2964,Ayaan Ramanathan,7,
2965,Samesh Sankaran,15,
2966,Bhavna Patla,19,
2967,Nicholas Gole,23,
2968,Ekaja Kapur,14,
2969,Jyoti Chanda,18,
2970,Zayyan Salvi,9,
2971,Urishilla Sekhon,11,
2972,Vasatika Mallick,4,
2973,Elijah Chander,2,
2974,Charita Murthy,12,
2975,Gautam Ahuja,18,
2976,Eta Sarraf,2,
2977,Hredhaan Chakraborty,19,
2978,Anita Dhillon,2,
2979,Avi Oak,15,
2980,Max Jayaraman,11,
2981,Yashodhara Sunder,17,
2982,Bishakha Dutta,21,
2983,Madhavi Solanki,16,
2984,Maya Kumer,20,
2985,Chaaya Boase,21,
2986,Ganga Wadhwa,16,
2987,Bhanumati Jain,16,
2988,Agastya Sharaf,6,
2989,Aishani Bhargava,13,
2990,Ansh Chokshi,10,
2991,Henry Saran,15,
2992,Pranit Kapur,21,
2993,Zansi Choudhury,24,
2994,Hritik Ramaswamy,3,
2995,Forum Memon,18,
2996,Jairaj Samra,21,
2997,Falan Baral,7,
2998,Lekha Ramesh,4,
2999,Qasim Dhaliwal,2,
3000,Janani Buch,2,
